Datetime,Open,High,Low,Close,Volume,Dividends,Stock Splits
2024-02-20 10:00:00,129602.92,129818.37,129574.19,129753.09,0.0,0.0,0.0
2024-02-20 11:00:00,129602.92,129818.37,129574.19,129753.09,0.0,0.0,0.0
2024-02-20 12:00:00,129602.92,129818.37,129574.19,129753.09,0.0,0.0,0.0
2024-02-20 13:00:00,129771.86,129771.86,129480.19,129480.19,0.0,0.0,0.0
2024-02-20 14:00:00,129466.09,129729.23,129429.88,129711.45,0.0,0.0,0.0
2024-02-20 15:00:00,129734.18,129759.43,129517.36,129623.65,0.0,0.0,0.0
2024-02-20 16:00:00,129611.63,129708.52,129473.88,129658.75,0.0,0.0,0.0
2024-02-21 10:00:00,129915.73,129917.33,129573.17,129675.56,0.0,0.0,0.0
2024-02-21 11:00:00,129695.71,130033.91,129639.76,129798.44,0.0,0.0,0.0
2024-02-21 12:00:00,129811.08,129901.7,129577.25,129709.22,0.0,0.0,0.0
2024-02-21 13:00:00,129725.34,129929.12,129604.13,129864.73,0.0,0.0,0.0
2024-02-21 14:00:00,129879.01,129945.37,129446.73,129455.76,0.0,0.0,0.0
2024-02-21 15:00:00,129427.99,129789.54,129358.66,129731.21,0.0,0.0,0.0
2024-02-21 16:00:00,129720.3,129950.66,129633.01,129892.1,0.0,0.0,0.0
2024-02-22 10:00:00,130034.97,130829.45,130034.77,130578.34,0.0,0.0,0.0
2024-02-22 11:00:00,130538.65,130606.86,130211.41,130297.88,0.0,0.0,0.0
2024-02-22 12:00:00,130284.2,130308.73,129985.19,130046.58,0.0,0.0,0.0
2024-02-22 13:00:00,130107.06,130283.05,130076.53,130241.05,0.0,0.0,0.0
2024-02-22 14:00:00,130244.11,130337.42,130050.07,130092.77,0.0,0.0,0.0
2024-02-22 15:00:00,130052.11,130462.1,129970.8,130462.1,0.0,0.0,0.0
2024-02-22 16:00:00,130461.45,130690.13,130412.46,130449.55,0.0,0.0,0.0
2024-02-23 10:00:00,130240.23,130624.33,130229.81,130264.74,0.0,0.0,0.0
2024-02-23 11:00:00,130267.2,130267.2,129651.73,129775.77,0.0,0.0,0.0
2024-02-23 12:00:00,129792.64,129835.66,129531.15,129586.45,0.0,0.0,0.0
2024-02-23 13:00:00,129518.39,129556.28,129077.28,129399.37,0.0,0.0,0.0
2024-02-23 14:00:00,129423.05,129687.15,129423.05,129667.67,0.0,0.0,0.0
2024-02-23 15:00:00,129647.85,129722.59,129374.2,129416.32,0.0,0.0,0.0
2024-02-23 16:00:00,129411.73,129434.48,129190.98,129383.33,0.0,0.0,0.0
2024-02-26 10:00:00,129416.99,129977.73,129076.84,129911.65,0.0,0.0,0.0
2024-02-26 11:00:00,129954.17,129965.33,129485.17,129718.53,0.0,0.0,0.0
2024-02-26 12:00:00,129735.11,129884.71,129244.64,129285.05,0.0,0.0,0.0
2024-02-26 13:00:00,129285.61,129367.33,129181.89,129310.55,0.0,0.0,0.0
2024-02-26 14:00:00,129315.46,129807.79,129278.97,129712.98,0.0,0.0,0.0
2024-02-26 15:00:00,129709.78,129739.41,129583.29,129728.99,0.0,0.0,0.0
2024-02-26 16:00:00,129734.58,129766.57,129524.01,129637.06,0.0,0.0,0.0
2024-02-27 10:00:00,129612.94,131128.02,129612.94,130952.06,0.0,0.0,0.0
2024-02-27 11:00:00,130965.19,131201.52,130843.76,131176.59,0.0,0.0,0.0
2024-02-27 12:00:00,131173.44,131375.39,131173.44,131268.55,0.0,0.0,0.0
2024-02-27 13:00:00,131257.94,131456.28,131213.3,131377.53,0.0,0.0,0.0
2024-02-27 14:00:00,131380.05,131418.02,131265.91,131301.3,0.0,0.0,0.0
2024-02-27 15:00:00,131293.48,131669.02,131289.16,131564.2,0.0,0.0,0.0
2024-02-27 16:00:00,131600.56,131696.38,131494.95,131559.12,0.0,0.0,0.0
2024-02-28 10:00:00,131684.56,131684.56,130975.98,131135.41,0.0,0.0,0.0
2024-02-28 11:00:00,131109.8,131128.27,130713.06,130861.28,0.0,0.0,0.0
2024-02-28 12:00:00,130840.19,131083.81,130811.37,130931.22,0.0,0.0,0.0
2024-02-28 13:00:00,130966.87,131043.3,130595.81,130681.4,0.0,0.0,0.0
2024-02-28 14:00:00,130731.52,130762.89,130198.04,130355.46,0.0,0.0,0.0
2024-02-28 15:00:00,130315.54,130383.67,129970.6,130018.51,0.0,0.0,0.0
2024-02-28 16:00:00,129972.21,130129.56,129770.76,130063.14,0.0,0.0,0.0
2024-02-29 10:00:00,130154.84,130154.84,129423.94,129465.64,0.0,0.0,0.0
2024-02-29 11:00:00,129437.86,129490.5,128971.76,129235.42,0.0,0.0,0.0
2024-02-29 12:00:00,129238.07,129410.32,128858.96,129017.21,0.0,0.0,0.0
2024-02-29 13:00:00,129036.01,129156.65,128942.19,129079.48,0.0,0.0,0.0
2024-02-29 14:00:00,129104.26,129137.31,128886.26,129091.77,0.0,0.0,0.0
2024-02-29 15:00:00,129080.6,129155.43,128946.63,128980.65,0.0,0.0,0.0
2024-02-29 16:00:00,128989.25,129092.45,128669.29,128800.53,0.0,0.0,0.0
2024-03-01 10:00:00,129025.52,129445.39,129025.52,129281.14,0.0,0.0,0.0
2024-03-01 11:00:00,129252.99,129442.11,128717.01,128752.47,0.0,0.0,0.0
2024-03-01 12:00:00,128746.5,129695.82,128746.5,129662.93,0.0,0.0,0.0
2024-03-01 13:00:00,129681.47,129715.51,129431.29,129512.11,0.0,0.0,0.0
2024-03-01 14:00:00,129515.84,129602.68,129127.96,129162.07,0.0,0.0,0.0
2024-03-01 15:00:00,129173.08,129363.42,129091.93,129091.93,0.0,0.0,0.0
2024-03-01 16:00:00,129077.3,129318.49,129023.71,129318.49,0.0,0.0,0.0
2024-03-04 10:00:00,129176.34,129307.41,128924.14,129085.92,0.0,0.0,0.0
2024-03-04 11:00:00,129069.61,129086.33,128394.39,128501.06,0.0,0.0,0.0
2024-03-04 12:00:00,128522.48,128522.48,128278.26,128382.55,0.0,0.0,0.0
2024-03-04 13:00:00,128395.08,128768.0,128374.98,128685.65,0.0,0.0,0.0
2024-03-04 14:00:00,128667.04,128688.81,128427.2,128476.65,0.0,0.0,0.0
2024-03-04 15:00:00,128487.7,128541.23,128377.37,128458.69,0.0,0.0,0.0
2024-03-04 16:00:00,128472.12,128527.01,128357.79,128471.64,0.0,0.0,0.0
2024-03-05 10:00:00,128336.31,128584.21,128201.45,128333.09,0.0,0.0,0.0
2024-03-05 11:00:00,128358.04,128631.09,128263.3,128318.52,0.0,0.0,0.0
2024-03-05 12:00:00,128332.66,128989.02,128332.66,128725.9,0.0,0.0,0.0
2024-03-05 13:00:00,128722.55,128722.55,128093.36,128363.02,0.0,0.0,0.0
2024-03-05 14:00:00,128381.15,128535.92,128196.27,128196.27,0.0,0.0,0.0
2024-03-05 15:00:00,128200.42,128377.24,128165.65,128241.16,0.0,0.0,0.0
2024-03-05 16:00:00,128220.26,128279.8,127823.31,127915.57,0.0,0.0,0.0
2024-03-06 10:00:00,128098.95,129171.34,128098.95,129100.29,0.0,0.0,0.0
2024-03-06 11:00:00,129079.17,129101.85,128847.48,128966.72,0.0,0.0,0.0
2024-03-06 12:00:00,128895.19,129085.3,128571.59,128711.09,0.0,0.0,0.0
2024-03-06 13:00:00,128722.15,129278.93,128592.89,129254.87,0.0,0.0,0.0
2024-03-06 14:00:00,129240.48,129323.12,129130.62,129176.78,0.0,0.0,0.0
2024-03-06 15:00:00,129165.67,129207.05,128969.99,129030.31,0.0,0.0,0.0
2024-03-06 16:00:00,129010.52,129023.17,128753.11,128896.22,0.0,0.0,0.0
2024-03-07 10:00:00,128890.31,129187.69,128802.2,128802.56,0.0,0.0,0.0
2024-03-07 11:00:00,128800.4,128824.05,128149.71,128244.46,0.0,0.0,0.0
2024-03-07 12:00:00,128219.99,128426.3,128094.65,128381.61,0.0,0.0,0.0
2024-03-07 13:00:00,128390.46,128443.07,128116.3,128220.71,0.0,0.0,0.0
2024-03-07 14:00:00,128243.74,128293.66,128032.56,128238.13,0.0,0.0,0.0
2024-03-07 15:00:00,128231.09,128409.82,128168.5,128349.0,0.0,0.0,0.0
2024-03-07 16:00:00,128352.5,128359.05,128227.15,128292.37,0.0,0.0,0.0
2024-03-08 10:00:00,128334.69,128338.33,125802.48,126548.35,0.0,0.0,0.0
2024-03-08 11:00:00,126497.23,126755.8,126359.32,126613.59,0.0,0.0,0.0
2024-03-08 12:00:00,126618.77,127444.56,126618.77,127322.78,0.0,0.0,0.0
2024-03-08 13:00:00,127304.38,127304.38,126945.19,127045.89,0.0,0.0,0.0
2024-03-08 14:00:00,127057.22,127528.39,127039.17,127191.37,0.0,0.0,0.0
2024-03-08 15:00:00,127192.83,127446.62,127071.56,127169.61,0.0,0.0,0.0
2024-03-08 16:00:00,127157.69,127459.04,127157.69,127208.41,0.0,0.0,0.0
2024-03-11 10:00:00,127067.97,127067.97,126065.16,126310.15,0.0,0.0,0.0
2024-03-11 11:00:00,126315.2,126974.53,126269.48,126861.85,0.0,0.0,0.0
2024-03-11 12:00:00,126879.08,126879.08,126366.42,126544.31,0.0,0.0,0.0
2024-03-11 13:00:00,126540.88,126566.39,126412.57,126412.57,0.0,0.0,0.0
2024-03-11 14:00:00,126431.94,126713.82,126396.1,126423.94,0.0,0.0,0.0
2024-03-11 15:00:00,126443.64,126529.67,126318.27,126497.77,0.0,0.0,0.0
2024-03-11 16:00:00,126520.14,126791.93,126070.77,126131.46,0.0,0.0,0.0
2024-03-12 10:00:00,126123.88,127541.63,126120.68,126879.04,0.0,0.0,0.0
2024-03-12 11:00:00,126892.94,127212.73,126636.34,127031.35,0.0,0.0,0.0
2024-03-12 12:00:00,127039.0,127488.82,127001.94,127478.46,0.0,0.0,0.0
2024-03-12 13:00:00,127465.11,127711.9,127378.26,127639.99,0.0,0.0,0.0
2024-03-12 14:00:00,127591.92,127638.44,127440.9,127606.47,0.0,0.0,0.0
2024-03-12 15:00:00,127605.31,128039.47,127548.51,127933.75,0.0,0.0,0.0
2024-03-12 16:00:00,127914.71,128004.11,127686.03,127826.81,0.0,0.0,0.0
2024-03-13 10:00:00,127667.84,128267.59,127438.99,128239.88,0.0,0.0,0.0
2024-03-13 11:00:00,128221.44,128321.24,127881.89,127888.68,0.0,0.0,0.0
2024-03-13 12:00:00,127894.17,128141.28,127866.41,128141.28,0.0,0.0,0.0
2024-03-13 13:00:00,128152.09,128190.14,127921.03,127955.43,0.0,0.0,0.0
2024-03-13 14:00:00,127951.18,128495.22,127908.84,128495.22,0.0,0.0,0.0
2024-03-13 15:00:00,128529.63,128529.63,128100.12,128100.12,0.0,0.0,0.0
2024-03-13 16:00:00,128089.56,128126.31,127878.95,128120.64,0.0,0.0,0.0
2024-03-14 10:00:00,127992.4,128255.78,127511.37,127598.05,0.0,0.0,0.0
2024-03-14 11:00:00,127561.6,128141.12,127544.69,127886.06,0.0,0.0,0.0
2024-03-14 12:00:00,127874.05,127979.96,127732.03,127804.56,0.0,0.0,0.0
2024-03-14 13:00:00,127763.77,127792.76,127540.7,127607.1,0.0,0.0,0.0
2024-03-14 14:00:00,127597.75,127612.09,127192.19,127606.57,0.0,0.0,0.0
2024-03-14 15:00:00,127607.5,127811.0,127607.5,127751.79,0.0,0.0,0.0
2024-03-14 16:00:00,127743.71,127743.71,127332.94,127661.31,0.0,0.0,0.0
2024-03-15 10:00:00,127682.47,127957.49,127195.13,127277.84,0.0,0.0,0.0
2024-03-15 11:00:00,127281.11,127281.11,126866.89,126919.77,0.0,0.0,0.0
2024-03-15 12:00:00,126921.76,126994.15,126831.27,126848.76,0.0,0.0,0.0
2024-03-15 13:00:00,126818.92,126829.41,126501.85,126514.94,0.0,0.0,0.0
2024-03-15 14:00:00,126517.89,126648.77,126514.05,126630.91,0.0,0.0,0.0
2024-03-15 15:00:00,126622.6,126669.19,126536.27,126598.44,0.0,0.0,0.0
2024-03-15 16:00:00,126620.74,126686.26,126538.66,126602.23,0.0,0.0,0.0
2024-03-18 10:00:00,126758.48,127540.21,126758.48,126826.76,0.0,0.0,0.0
2024-03-18 11:00:00,126784.37,126938.29,126272.19,126305.57,0.0,0.0,0.0
2024-03-18 12:00:00,126312.19,126516.04,126304.31,126453.86,0.0,0.0,0.0
2024-03-18 13:00:00,126456.95,126600.3,126405.34,126600.3,0.0,0.0,0.0
2024-03-18 14:00:00,126579.29,126638.95,126401.67,126620.04,0.0,0.0,0.0
2024-03-18 15:00:00,126647.31,126900.16,126614.41,126798.39,0.0,0.0,0.0
2024-03-18 16:00:00,126793.38,126815.71,126634.89,126712.89,0.0,0.0,0.0
2024-03-19 10:00:00,126954.83,127532.91,126954.83,127303.07,0.0,0.0,0.0
2024-03-19 11:00:00,127302.55,127763.59,127117.86,127681.22,0.0,0.0,0.0
2024-03-19 12:00:00,127690.98,127690.98,127458.12,127545.95,0.0,0.0,0.0
2024-03-19 13:00:00,127560.0,127700.8,127490.26,127700.8,0.0,0.0,0.0
2024-03-19 14:00:00,127694.19,127962.97,127682.54,127932.73,0.0,0.0,0.0
2024-03-19 15:00:00,127927.53,128000.08,127609.14,127716.49,0.0,0.0,0.0
2024-03-19 16:00:00,127707.09,127762.51,127384.34,127621.2,0.0,0.0,0.0
2024-03-20 10:00:00,127534.1,128029.53,127534.1,127910.38,0.0,0.0,0.0
2024-03-20 11:00:00,127876.7,127876.7,127348.62,127530.77,0.0,0.0,0.0
2024-03-20 12:00:00,127552.58,127726.6,127463.88,127687.06,0.0,0.0,0.0
2024-03-20 13:00:00,127701.26,128049.82,127701.26,128021.82,0.0,0.0,0.0
2024-03-20 14:00:00,128029.89,128296.22,128014.55,128122.69,0.0,0.0,0.0
2024-03-20 15:00:00,128149.6,129052.49,128149.6,129022.6,0.0,0.0,0.0
2024-03-20 16:00:00,128993.05,129209.98,128928.46,128970.37,0.0,0.0,0.0
2024-03-21 10:00:00,129125.42,129555.91,128604.23,128638.48,0.0,0.0,0.0
2024-03-21 11:00:00,128642.33,128642.33,128364.44,128485.44,0.0,0.0,0.0
2024-03-21 12:00:00,128496.72,128497.48,128308.34,128405.92,0.0,0.0,0.0
2024-03-21 13:00:00,128406.64,128406.64,128168.37,128334.77,0.0,0.0,0.0
2024-03-21 14:00:00,128341.77,128429.99,128273.71,128316.37,0.0,0.0,0.0
2024-03-21 15:00:00,128312.4,128399.52,128125.05,128360.17,0.0,0.0,0.0
2024-03-21 16:00:00,128362.75,128394.82,128092.84,128092.84,0.0,0.0,0.0
2024-03-22 10:00:00,128158.57,128158.57,127415.82,127699.71,0.0,0.0,0.0
2024-03-22 11:00:00,127614.37,127722.23,127232.22,127462.72,0.0,0.0,0.0
2024-03-22 12:00:00,127453.57,127616.42,127282.45,127346.65,0.0,0.0,0.0
2024-03-22 13:00:00,127384.97,127420.14,127101.25,127271.3,0.0,0.0,0.0
2024-03-22 14:00:00,127271.06,127321.76,126980.64,127026.27,0.0,0.0,0.0
2024-03-22 15:00:00,127019.63,127134.22,126882.75,127100.4,0.0,0.0,0.0
2024-03-22 16:00:00,127113.1,127136.15,126879.44,127064.37,0.0,0.0,0.0
2024-03-25 10:00:00,127027.1,127166.83,126770.93,127016.69,0.0,0.0,0.0
2024-03-25 11:00:00,127045.18,127224.32,126868.18,126945.77,0.0,0.0,0.0
2024-03-25 12:00:00,126968.28,127135.31,126904.31,127098.57,0.0,0.0,0.0
2024-03-25 13:00:00,127119.9,127166.72,126988.35,127005.38,0.0,0.0,0.0
2024-03-25 14:00:00,127005.07,127044.56,126794.77,126794.77,0.0,0.0,0.0
2024-03-25 15:00:00,126796.59,127092.51,126750.47,127004.83,0.0,0.0,0.0
2024-03-25 16:00:00,127009.7,127034.37,126848.55,126848.55,0.0,0.0,0.0
2024-03-26 10:00:00,126931.47,126932.13,126590.67,126926.53,0.0,0.0,0.0
2024-03-26 11:00:00,126934.87,127164.27,126796.9,126894.35,0.0,0.0,0.0
2024-03-26 12:00:00,126890.46,127097.98,126847.95,127076.99,0.0,0.0,0.0
2024-03-26 13:00:00,127046.49,127124.12,126969.92,127011.0,0.0,0.0,0.0
2024-03-26 14:00:00,126990.18,127192.86,126980.43,127068.34,0.0,0.0,0.0
2024-03-26 15:00:00,127078.91,127176.49,127021.68,127092.19,0.0,0.0,0.0
2024-03-26 16:00:00,127100.61,127100.61,126863.63,126897.71,0.0,0.0,0.0
2024-03-27 10:00:00,126863.02,126965.26,126473.83,126591.07,0.0,0.0,0.0
2024-03-27 11:00:00,126607.48,126792.99,126222.95,126749.59,0.0,0.0,0.0
2024-03-27 12:00:00,126754.89,127068.71,126754.89,126993.99,0.0,0.0,0.0
2024-03-27 13:00:00,126981.39,127051.69,126917.95,127051.64,0.0,0.0,0.0
2024-03-27 14:00:00,127040.81,127108.08,126968.86,127028.33,0.0,0.0,0.0
2024-03-27 15:00:00,127011.13,127516.12,127011.13,127400.88,0.0,0.0,0.0
2024-03-27 16:00:00,127400.9,127755.93,127400.9,127703.33,0.0,0.0,0.0
2024-03-28 10:00:00,127689.19,127957.77,127270.19,127824.15,0.0,0.0,0.0
2024-03-28 11:00:00,127882.46,128128.69,127882.46,128113.48,0.0,0.0,0.0
2024-03-28 12:00:00,128105.74,128363.98,128051.51,128225.68,0.0,0.0,0.0
2024-03-28 13:00:00,128231.54,128244.75,128035.79,128123.23,0.0,0.0,0.0
2024-03-28 14:00:00,128124.25,128124.25,127835.36,128047.76,0.0,0.0,0.0
2024-03-28 15:00:00,128059.27,128173.79,127923.72,128001.94,0.0,0.0,0.0
2024-03-28 16:00:00,128007.64,128322.91,127964.16,128322.91,0.0,0.0,0.0
2024-04-01 10:00:00,128106.1,128658.86,127892.36,128018.95,0.0,0.0,0.0
2024-04-01 11:00:00,128031.2,128031.2,127428.31,127526.02,0.0,0.0,0.0
2024-04-01 12:00:00,127528.21,127528.21,127146.93,127194.07,0.0,0.0,0.0
2024-04-01 13:00:00,127189.36,127286.69,127142.82,127162.22,0.0,0.0,0.0
2024-04-01 14:00:00,127172.76,127172.76,126876.72,126972.27,0.0,0.0,0.0
2024-04-01 15:00:00,126973.53,127036.77,126853.25,126866.09,0.0,0.0,0.0
2024-04-01 16:00:00,126808.37,127055.62,126771.8,127055.62,0.0,0.0,0.0
2024-04-02 10:00:00,126990.45,127192.65,126753.64,127079.4,0.0,0.0,0.0
2024-04-02 11:00:00,127135.36,127298.63,126807.62,126921.59,0.0,0.0,0.0
2024-04-02 12:00:00,126914.36,127038.51,126681.64,126751.14,0.0,0.0,0.0
2024-04-02 13:00:00,126750.55,126921.46,126669.22,126921.46,0.0,0.0,0.0
2024-04-02 14:00:00,126912.31,127219.52,126684.59,127174.68,0.0,0.0,0.0
2024-04-02 15:00:00,127157.42,127429.07,127107.2,127383.05,0.0,0.0,0.0
2024-04-02 16:00:00,127366.68,127654.04,127366.68,127654.04,0.0,0.0,0.0
2024-04-03 10:00:00,127546.08,127551.93,126330.28,126405.59,0.0,0.0,0.0
2024-04-03 11:00:00,126432.39,126656.67,126181.37,126475.7,0.0,0.0,0.0
2024-04-03 12:00:00,126507.71,126665.95,126357.82,126503.77,0.0,0.0,0.0
2024-04-03 13:00:00,126513.65,126922.06,126409.98,126922.06,0.0,0.0,0.0
2024-04-03 14:00:00,126936.08,127693.56,126908.31,127493.78,0.0,0.0,0.0
2024-04-03 15:00:00,127497.33,127497.33,127270.65,127270.96,0.0,0.0,0.0
2024-04-03 16:00:00,127285.71,127376.71,127104.26,127286.67,0.0,0.0,0.0
2024-04-04 10:00:00,127312.69,129072.98,127312.69,129003.03,0.0,0.0,0.0
2024-04-04 11:00:00,128970.04,129318.12,128362.03,128362.03,0.0,0.0,0.0
2024-04-04 12:00:00,128343.63,129435.36,128329.84,129406.34,0.0,0.0,0.0
2024-04-04 13:00:00,129387.43,129627.13,129186.92,129201.62,0.0,0.0,0.0
2024-04-04 14:00:00,129182.94,129306.37,128778.0,128778.0,0.0,0.0,0.0
2024-04-04 15:00:00,128732.88,128912.52,127841.74,127850.97,0.0,0.0,0.0
2024-04-04 16:00:00,127895.65,127895.65,127177.66,127461.37,0.0,0.0,0.0
2024-04-05 10:00:00,127421.74,127432.2,126810.35,126939.22,0.0,0.0,0.0
2024-04-05 11:00:00,127085.25,127115.26,126394.13,126788.51,0.0,0.0,0.0
2024-04-05 12:00:00,126771.91,127014.06,126400.35,126994.45,0.0,0.0,0.0
2024-04-05 13:00:00,127000.82,127246.05,126870.7,127240.15,0.0,0.0,0.0
2024-04-05 14:00:00,127222.11,127222.11,126493.99,126518.75,0.0,0.0,0.0
2024-04-05 15:00:00,126527.86,126786.04,126420.69,126770.94,0.0,0.0,0.0
2024-04-05 16:00:00,126782.31,126973.79,126629.37,126945.65,0.0,0.0,0.0
2024-04-08 10:00:00,126796.42,128289.77,126796.42,128089.55,0.0,0.0,0.0
2024-04-08 11:00:00,128115.29,128370.58,127907.62,128362.47,0.0,0.0,0.0
2024-04-08 12:00:00,128347.93,128616.01,128324.89,128564.6,0.0,0.0,0.0
2024-04-08 13:00:00,128554.08,128655.03,128460.97,128510.9,0.0,0.0,0.0
2024-04-08 14:00:00,128530.83,128766.4,128525.41,128734.62,0.0,0.0,0.0
2024-04-08 15:00:00,128712.4,128755.12,128463.06,128647.17,0.0,0.0,0.0
2024-04-08 16:00:00,128625.73,129178.14,128600.35,128848.74,0.0,0.0,0.0
2024-04-09 10:00:00,128857.84,129824.61,128826.38,129532.44,0.0,0.0,0.0
2024-04-09 11:00:00,129513.16,129956.18,129190.77,129514.25,0.0,0.0,0.0
2024-04-09 12:00:00,129530.62,129667.81,129398.26,129467.19,0.0,0.0,0.0
2024-04-09 13:00:00,129490.15,129653.7,129339.56,129349.42,0.0,0.0,0.0
2024-04-09 14:00:00,129335.84,129645.28,129179.58,129566.81,0.0,0.0,0.0
2024-04-09 15:00:00,129591.09,129758.15,129502.88,129551.26,0.0,0.0,0.0
2024-04-09 16:00:00,129539.31,129854.09,129379.59,129813.1,0.0,0.0,0.0
2024-04-10 10:00:00,129871.64,129871.64,128838.36,129154.06,0.0,0.0,0.0
2024-04-10 11:00:00,129116.71,129160.06,128735.77,128871.02,0.0,0.0,0.0
2024-04-10 12:00:00,128879.22,128938.71,128158.11,128218.83,0.0,0.0,0.0
2024-04-10 13:00:00,128221.45,128406.08,128221.45,128404.65,0.0,0.0,0.0
2024-04-10 14:00:00,128366.64,128546.91,127949.22,128142.94,0.0,0.0,0.0
2024-04-10 15:00:00,128132.16,128295.31,127876.96,127901.83,0.0,0.0,0.0
2024-04-10 16:00:00,127854.84,128127.38,127731.77,128050.1,0.0,0.0,0.0
2024-04-11 10:00:00,128051.34,128051.34,127438.9,127513.38,0.0,0.0,0.0
2024-04-11 11:00:00,127490.44,127500.83,127069.43,127364.73,0.0,0.0,0.0
2024-04-11 12:00:00,127367.18,127598.76,127240.75,127568.49,0.0,0.0,0.0
2024-04-11 13:00:00,127489.68,127489.68,127118.95,127165.27,0.0,0.0,0.0
2024-04-11 14:00:00,127194.69,127587.82,127148.49,127533.59,0.0,0.0,0.0
2024-04-11 15:00:00,127561.21,127859.91,127329.71,127363.26,0.0,0.0,0.0
2024-04-11 16:00:00,127328.98,127597.63,127274.14,127446.78,0.0,0.0,0.0
2024-04-12 10:00:00,127396.3,127639.9,126964.66,127462.49,0.0,0.0,0.0
2024-04-12 11:00:00,127464.63,127634.07,126867.92,126867.92,0.0,0.0,0.0
2024-04-12 12:00:00,126811.2,127095.57,126743.74,127010.34,0.0,0.0,0.0
2024-04-12 13:00:00,127006.6,127198.67,126464.4,126548.0,0.0,0.0,0.0
2024-04-12 14:00:00,126512.01,126601.36,126098.37,126181.28,0.0,0.0,0.0
2024-04-12 15:00:00,126189.58,126232.57,125725.76,125742.79,0.0,0.0,0.0
2024-04-12 16:00:00,125730.18,126068.71,125635.13,125894.04,0.0,0.0,0.0
2024-04-15 10:00:00,125946.09,126229.52,125641.11,126162.35,0.0,0.0,0.0
2024-04-15 11:00:00,126191.88,126250.41,125831.6,125984.01,0.0,0.0,0.0
2024-04-15 12:00:00,125937.0,126227.2,125838.73,126116.71,0.0,0.0,0.0
2024-04-15 13:00:00,126105.38,126105.38,125676.96,125827.86,0.0,0.0,0.0
2024-04-15 14:00:00,125806.87,125845.06,125033.98,125415.1,0.0,0.0,0.0
2024-04-15 15:00:00,125417.51,125496.04,125067.61,125343.59,0.0,0.0,0.0
2024-04-15 16:00:00,125323.07,125459.41,125090.2,125405.82,0.0,0.0,0.0
2024-04-16 10:00:00,125315.63,125315.63,123756.08,124157.84,0.0,0.0,0.0
2024-04-16 11:00:00,124122.69,124705.05,124070.6,124517.4,0.0,0.0,0.0
2024-04-16 12:00:00,124472.01,125171.43,124472.01,125064.42,0.0,0.0,0.0
2024-04-16 13:00:00,125027.53,125027.53,124676.45,124776.15,0.0,0.0,0.0
2024-04-16 14:00:00,124813.23,124844.53,124261.49,124561.69,0.0,0.0,0.0
2024-04-16 15:00:00,124590.29,125118.49,124416.96,124865.8,0.0,0.0,0.0
2024-04-16 16:00:00,124863.86,124899.7,124469.43,124571.13,0.0,0.0,0.0
2024-04-17 10:00:00,124388.62,125300.97,124313.15,124458.99,0.0,0.0,0.0
2024-04-17 11:00:00,124453.9,124525.0,124138.8,124232.31,0.0,0.0,0.0
2024-04-17 12:00:00,124248.11,124632.47,124097.1,124388.61,0.0,0.0,0.0
2024-04-17 13:00:00,124381.29,124381.29,123641.94,124019.19,0.0,0.0,0.0
2024-04-17 14:00:00,123992.35,124438.65,123898.28,124266.85,0.0,0.0,0.0
2024-04-17 15:00:00,124290.31,124379.03,123975.48,124017.6,0.0,0.0,0.0
2024-04-17 16:00:00,124023.7,124241.05,123911.26,124191.79,0.0,0.0,0.0
2024-04-18 10:00:00,124170.67,124956.95,124164.19,124943.45,0.0,0.0,0.0
2024-04-18 11:00:00,124926.0,125140.22,124569.61,124619.55,0.0,0.0,0.0
2024-04-18 12:00:00,124626.34,124736.81,124109.41,124123.38,0.0,0.0,0.0
2024-04-18 13:00:00,124126.43,124165.12,123595.77,123685.7,0.0,0.0,0.0
2024-04-18 14:00:00,123694.93,123785.84,123396.53,123785.84,0.0,0.0,0.0
2024-04-18 15:00:00,123777.19,123985.88,123633.08,123746.3,0.0,0.0,0.0
2024-04-18 16:00:00,123771.0,124204.64,123771.0,124119.11,0.0,0.0,0.0
2024-04-19 10:00:00,124196.61,125180.72,124056.03,125121.43,0.0,0.0,0.0
2024-04-19 11:00:00,125113.94,125508.91,124850.18,125447.83,0.0,0.0,0.0
2024-04-19 12:00:00,125385.3,125472.18,125186.74,125222.0,0.0,0.0,0.0
2024-04-19 13:00:00,125218.42,125265.96,124959.03,125214.76,0.0,0.0,0.0
2024-04-19 14:00:00,125218.71,125238.78,125029.2,125173.84,0.0,0.0,0.0
2024-04-19 15:00:00,125151.01,125151.01,124764.21,124997.12,0.0,0.0,0.0
2024-04-19 16:00:00,124997.02,125230.09,124933.76,125230.09,0.0,0.0,0.0
2024-04-22 10:00:00,125124.3,125464.58,124633.03,124818.09,0.0,0.0,0.0
2024-04-22 11:00:00,124831.39,125266.6,124791.65,125148.54,0.0,0.0,0.0
2024-04-22 12:00:00,125104.71,125269.21,125047.47,125229.8,0.0,0.0,0.0
2024-04-22 13:00:00,125293.5,126003.27,125197.02,126003.27,0.0,0.0,0.0
2024-04-22 14:00:00,126061.82,126081.14,125574.0,125610.48,0.0,0.0,0.0
2024-04-22 15:00:00,125604.54,125796.07,125555.16,125753.95,0.0,0.0,0.0
2024-04-22 16:00:00,125755.52,125813.94,125436.47,125556.35,0.0,0.0,0.0
2024-04-23 10:00:00,125571.86,125571.86,124310.1,124773.99,0.0,0.0,0.0
2024-04-23 11:00:00,124776.77,124948.55,124623.19,124684.91,0.0,0.0,0.0
2024-04-23 12:00:00,124616.63,125040.15,124608.04,124977.54,0.0,0.0,0.0
2024-04-23 13:00:00,124940.1,125663.06,124926.95,125572.32,0.0,0.0,0.0
2024-04-23 14:00:00,125549.84,125825.7,125473.14,125510.13,0.0,0.0,0.0
2024-04-23 15:00:00,125517.08,125645.18,125381.84,125645.18,0.0,0.0,0.0
2024-04-23 16:00:00,125654.29,125654.29,125169.35,125395.6,0.0,0.0,0.0
2024-04-24 10:00:00,125149.18,125472.55,124946.54,125018.46,0.0,0.0,0.0
2024-04-24 11:00:00,125035.63,125243.78,124830.13,125012.52,0.0,0.0,0.0
2024-04-24 12:00:00,124972.22,124972.22,124555.92,124704.96,0.0,0.0,0.0
2024-04-24 13:00:00,124681.6,124928.88,124656.77,124928.88,0.0,0.0,0.0
2024-04-24 14:00:00,124950.72,125065.41,124831.04,124975.21,0.0,0.0,0.0
2024-04-24 15:00:00,124961.04,125008.18,124818.1,124884.77,0.0,0.0,0.0
2024-04-24 16:00:00,124876.41,125062.26,124833.85,125057.45,0.0,0.0,0.0
2024-04-25 10:00:00,124717.88,124717.88,123702.89,123853.74,0.0,0.0,0.0
2024-04-25 11:00:00,123861.82,124415.29,123851.72,124347.63,0.0,0.0,0.0
2024-04-25 12:00:00,124327.71,124731.65,124327.71,124653.63,0.0,0.0,0.0
2024-04-25 13:00:00,124712.66,124718.63,124361.37,124419.77,0.0,0.0,0.0
2024-04-25 14:00:00,124416.21,124515.25,124243.74,124423.19,0.0,0.0,0.0
2024-04-25 15:00:00,124423.69,124593.19,124365.54,124486.5,0.0,0.0,0.0
2024-04-25 16:00:00,124485.6,124673.13,124402.67,124480.54,0.0,0.0,0.0
2024-04-26 10:00:00,124650.92,126475.49,124650.92,126331.93,0.0,0.0,0.0
2024-04-26 11:00:00,126288.21,126403.59,126113.52,126230.49,0.0,0.0,0.0
2024-04-26 12:00:00,126240.55,126536.77,126183.33,126536.77,0.0,0.0,0.0
2024-04-26 13:00:00,126525.85,126639.02,126397.11,126472.79,0.0,0.0,0.0
2024-04-26 14:00:00,126488.19,126676.42,126399.88,126619.63,0.0,0.0,0.0
2024-04-26 15:00:00,126607.09,126826.13,126580.01,126788.23,0.0,0.0,0.0
2024-04-26 16:00:00,126777.25,126815.64,126495.08,126563.45,0.0,0.0,0.0
2024-04-29 10:00:00,126526.73,126951.35,126466.58,126837.08,0.0,0.0,0.0
2024-04-29 11:00:00,126826.19,126959.16,126688.69,126948.57,0.0,0.0,0.0
2024-04-29 12:00:00,126904.62,127045.32,126722.6,126774.97,0.0,0.0,0.0
2024-04-29 13:00:00,126780.98,127059.5,126737.87,127027.12,0.0,0.0,0.0
2024-04-29 14:00:00,127052.47,127173.83,127036.44,127103.38,0.0,0.0,0.0
2024-04-29 15:00:00,127122.16,127270.93,127003.1,127133.98,0.0,0.0,0.0
2024-04-29 16:00:00,127124.37,127172.42,126860.45,127172.42,0.0,0.0,0.0
2024-04-30 10:00:00,127351.57,127351.62,126578.77,126640.86,0.0,0.0,0.0
2024-04-30 11:00:00,126621.95,126709.44,126183.86,126183.86,0.0,0.0,0.0
2024-04-30 12:00:00,126197.49,126248.9,125877.72,126026.32,0.0,0.0,0.0
2024-04-30 13:00:00,126030.92,126097.91,125855.79,125855.79,0.0,0.0,0.0
2024-04-30 14:00:00,125869.01,126126.54,125869.01,126126.54,0.0,0.0,0.0
2024-04-30 15:00:00,126126.22,126174.35,125953.66,125980.11,0.0,0.0,0.0
2024-04-30 16:00:00,126001.98,126172.25,125900.4,126009.96,0.0,0.0,0.0
2024-05-02 10:00:00,125925.55,127439.67,125925.55,126979.94,0.0,0.0,0.0
2024-05-02 11:00:00,126964.74,127090.49,126561.82,127005.53,0.0,0.0,0.0
2024-05-02 12:00:00,127025.94,127066.98,126868.75,126955.0,0.0,0.0,0.0
2024-05-02 13:00:00,126934.46,127141.08,126691.11,126972.37,0.0,0.0,0.0
2024-05-02 14:00:00,126992.91,127313.63,126992.91,127207.53,0.0,0.0,0.0
2024-05-02 15:00:00,127213.96,127523.74,127057.85,127514.76,0.0,0.0,0.0
2024-05-02 16:00:00,127543.14,127670.16,127239.45,127313.04,0.0,0.0,0.0
2024-05-03 10:00:00,127130.46,128786.96,127130.46,128429.31,0.0,0.0,0.0
2024-05-03 11:00:00,128377.58,128600.35,128274.68,128487.22,0.0,0.0,0.0
2024-05-03 12:00:00,128520.32,128621.96,128391.24,128454.28,0.0,0.0,0.0
2024-05-03 13:00:00,128450.06,128697.61,128327.68,128327.68,0.0,0.0,0.0
2024-05-03 14:00:00,128353.4,128600.17,128280.64,128547.2,0.0,0.0,0.0
2024-05-03 15:00:00,128572.75,128708.06,128553.84,128610.41,0.0,0.0,0.0
2024-05-03 16:00:00,128622.22,128700.43,128496.08,128496.08,0.0,0.0,0.0
2024-05-06 10:00:00,128505.57,129110.98,128293.68,129110.98,0.0,0.0,0.0
2024-05-06 11:00:00,129123.1,129180.57,128942.66,129015.58,0.0,0.0,0.0
2024-05-06 12:00:00,129017.82,129101.37,128851.02,129051.16,0.0,0.0,0.0
2024-05-06 13:00:00,129070.19,129080.55,128777.76,128791.11,0.0,0.0,0.0
2024-05-06 14:00:00,128782.67,128849.75,128486.82,128575.62,0.0,0.0,0.0
2024-05-06 15:00:00,128569.0,128658.11,128527.89,128567.97,0.0,0.0,0.0
2024-05-06 16:00:00,128559.51,128559.51,128411.68,128473.52,0.0,0.0,0.0
2024-05-07 10:00:00,128465.69,129426.16,128463.56,129154.87,0.0,0.0,0.0
2024-05-07 11:00:00,129135.96,129685.36,129064.38,129623.37,0.0,0.0,0.0
2024-05-07 12:00:00,129620.12,129745.03,129462.63,129464.77,0.0,0.0,0.0
2024-05-07 13:00:00,129477.03,129612.35,129382.84,129573.76,0.0,0.0,0.0
2024-05-07 14:00:00,129563.14,129563.14,129380.08,129395.14,0.0,0.0,0.0
2024-05-07 15:00:00,129402.24,129432.91,129072.0,129130.79,0.0,0.0,0.0
2024-05-07 16:00:00,129157.81,129218.15,129072.29,129173.44,0.0,0.0,0.0
2024-05-08 10:00:00,129210.15,129210.15,128048.04,129041.41,0.0,0.0,0.0
2024-05-08 11:00:00,129055.05,129247.43,128975.75,128991.69,0.0,0.0,0.0
2024-05-08 12:00:00,128983.06,129367.99,128972.24,129257.49,0.0,0.0,0.0
2024-05-08 13:00:00,129259.67,129325.69,129141.19,129257.83,0.0,0.0,0.0
2024-05-08 14:00:00,129260.79,129260.79,129123.29,129164.21,0.0,0.0,0.0
2024-05-08 15:00:00,129173.77,129403.94,129065.38,129341.59,0.0,0.0,0.0
2024-05-08 16:00:00,129321.16,129564.28,129312.83,129454.95,0.0,0.0,0.0
2024-05-09 10:00:00,129467.87,129467.87,127484.72,127484.72,0.0,0.0,0.0
2024-05-09 11:00:00,127436.95,127749.58,127375.91,127716.76,0.0,0.0,0.0
2024-05-09 12:00:00,127758.6,127964.41,127645.21,127707.21,0.0,0.0,0.0
2024-05-09 13:00:00,127690.39,127841.99,127618.8,127697.1,0.0,0.0,0.0
2024-05-09 14:00:00,127703.61,127932.47,127547.88,127932.47,0.0,0.0,0.0
2024-05-09 15:00:00,127936.56,128435.3,127918.66,128431.74,0.0,0.0,0.0
2024-05-09 16:00:00,128435.24,128462.23,128178.9,128221.67,0.0,0.0,0.0
2024-05-10 10:00:00,128187.62,129021.93,128141.95,128430.06,0.0,0.0,0.0
2024-05-10 11:00:00,128397.77,128474.45,127896.7,127986.56,0.0,0.0,0.0
2024-05-10 12:00:00,127951.97,128005.21,127466.58,127527.3,0.0,0.0,0.0
2024-05-10 13:00:00,127502.06,127926.51,127502.06,127882.4,0.0,0.0,0.0
2024-05-10 14:00:00,127880.01,128005.87,127721.85,127962.67,0.0,0.0,0.0
2024-05-10 15:00:00,127989.66,127989.66,127790.8,127791.7,0.0,0.0,0.0
2024-05-10 16:00:00,127777.16,127838.11,127584.05,127629.64,0.0,0.0,0.0
2024-05-13 10:00:00,127599.57,128668.15,127598.83,128668.15,0.0,0.0,0.0
2024-05-13 11:00:00,128650.6,128669.39,128267.54,128268.56,0.0,0.0,0.0
2024-05-13 12:00:00,128267.5,128267.5,127958.29,128103.3,0.0,0.0,0.0
2024-05-13 13:00:00,128101.62,128276.8,127934.11,127994.64,0.0,0.0,0.0
2024-05-13 14:00:00,128022.71,128123.8,127834.79,127932.52,0.0,0.0,0.0
2024-05-13 15:00:00,127940.59,128314.52,127926.1,128220.47,0.0,0.0,0.0
2024-05-13 16:00:00,128223.11,128295.65,128120.47,128260.97,0.0,0.0,0.0
2024-05-14 10:00:00,128154.79,128564.28,127961.78,128564.28,0.0,0.0,0.0
2024-05-14 11:00:00,128534.99,128964.68,128499.93,128924.04,0.0,0.0,0.0
2024-05-14 12:00:00,128890.63,128906.4,128622.33,128706.68,0.0,0.0,0.0
2024-05-14 13:00:00,128697.54,128700.08,128416.74,128638.23,0.0,0.0,0.0
2024-05-14 14:00:00,128633.93,128670.13,128361.89,128361.89,0.0,0.0,0.0
2024-05-14 15:00:00,128343.01,128607.96,128312.41,128458.97,0.0,0.0,0.0
2024-05-14 16:00:00,128463.1,128554.69,128454.05,128477.81,0.0,0.0,0.0
2024-05-15 10:00:00,128514.32,128645.75,127105.05,127363.39,0.0,0.0,0.0
2024-05-15 11:00:00,127392.05,127693.26,127029.3,127683.76,0.0,0.0,0.0
2024-05-15 12:00:00,127672.72,127976.26,127553.6,127739.71,0.0,0.0,0.0
2024-05-15 13:00:00,127723.3,128225.29,127636.59,128201.2,0.0,0.0,0.0
2024-05-15 14:00:00,128218.76,128218.76,127745.47,127922.12,0.0,0.0,0.0
2024-05-15 15:00:00,127922.11,128240.75,127748.06,128172.06,0.0,0.0,0.0
2024-05-15 16:00:00,128178.74,128300.19,128012.91,128226.82,0.0,0.0,0.0
2024-05-16 10:00:00,128029.2,128965.46,127995.53,128075.16,0.0,0.0,0.0
2024-05-16 11:00:00,127940.82,128409.75,127922.45,128389.48,0.0,0.0,0.0
2024-05-16 12:00:00,128363.38,128389.31,128168.99,128274.3,0.0,0.0,0.0
2024-05-16 13:00:00,128267.93,128288.07,128022.42,128173.95,0.0,0.0,0.0
2024-05-16 14:00:00,128174.36,128312.4,128059.1,128209.07,0.0,0.0,0.0
2024-05-16 15:00:00,128214.94,128553.35,128209.21,128431.57,0.0,0.0,0.0
2024-05-16 16:00:00,128433.57,128473.61,128197.23,128282.47,0.0,0.0,0.0
2024-05-17 10:00:00,128279.8,128463.7,127696.11,127796.38,0.0,0.0,0.0
2024-05-17 11:00:00,127785.29,128182.28,127785.29,128023.92,0.0,0.0,0.0
2024-05-17 12:00:00,128056.32,128058.11,127828.9,127884.89,0.0,0.0,0.0
2024-05-17 13:00:00,127863.97,128101.55,127774.38,128043.84,0.0,0.0,0.0
2024-05-17 14:00:00,128053.25,128281.21,127999.39,128134.7,0.0,0.0,0.0
2024-05-17 15:00:00,128134.76,128320.03,128022.45,128225.34,0.0,0.0,0.0
2024-05-17 16:00:00,128212.37,128319.81,128135.07,128224.49,0.0,0.0,0.0
2024-05-20 10:00:00,128150.71,128150.88,127487.97,127747.57,0.0,0.0,0.0
2024-05-20 11:00:00,127711.56,128484.97,127658.86,128293.28,0.0,0.0,0.0
2024-05-20 12:00:00,128306.22,128730.25,128139.56,128537.46,0.0,0.0,0.0
2024-05-20 13:00:00,128556.25,128556.25,128285.79,128351.22,0.0,0.0,0.0
2024-05-20 14:00:00,128320.88,128334.2,127805.88,127833.99,0.0,0.0,0.0
2024-05-20 15:00:00,127857.23,127928.64,127706.84,127820.62,0.0,0.0,0.0
2024-05-20 16:00:00,127823.0,127886.0,127745.91,127809.26,0.0,0.0,0.0
2024-05-21 10:00:00,127753.57,128271.87,127412.78,127749.92,0.0,0.0,0.0
2024-05-21 11:00:00,127622.6,127983.59,127594.58,127610.41,0.0,0.0,0.0
2024-05-21 12:00:00,127601.39,127776.73,127494.95,127561.18,0.0,0.0,0.0
2024-05-21 13:00:00,127525.98,127534.88,127205.34,127322.64,0.0,0.0,0.0
2024-05-21 14:00:00,127318.49,127665.14,127291.28,127665.14,0.0,0.0,0.0
2024-05-21 15:00:00,127686.57,127708.91,127394.87,127524.21,0.0,0.0,0.0
2024-05-21 16:00:00,127528.5,127638.42,127512.58,127560.11,0.0,0.0,0.0
2024-05-22 10:00:00,127411.55,127411.55,126521.9,126720.46,0.0,0.0,0.0
2024-05-22 11:00:00,126680.29,126715.06,126142.29,126328.35,0.0,0.0,0.0
2024-05-22 12:00:00,126271.81,126510.72,126175.98,126417.63,0.0,0.0,0.0
2024-05-22 13:00:00,126419.57,126507.64,126123.47,126123.47,0.0,0.0,0.0
2024-05-22 14:00:00,126098.05,126242.24,125949.67,126049.27,0.0,0.0,0.0
2024-05-22 15:00:00,126074.98,126074.98,125718.19,125827.56,0.0,0.0,0.0
2024-05-22 16:00:00,125855.08,125884.94,125524.26,125653.5,0.0,0.0,0.0
2024-05-23 10:00:00,125649.77,125664.57,125030.35,125090.59,0.0,0.0,0.0
2024-05-23 11:00:00,125053.51,125070.86,124573.91,124640.2,0.0,0.0,0.0
2024-05-23 12:00:00,124649.67,124877.76,124649.67,124828.08,0.0,0.0,0.0
2024-05-23 13:00:00,124824.64,124897.43,124659.1,124768.8,0.0,0.0,0.0
2024-05-23 14:00:00,124747.22,124898.21,124508.01,124508.01,0.0,0.0,0.0
2024-05-23 15:00:00,124520.0,124631.74,124430.54,124537.28,0.0,0.0,0.0
2024-05-23 16:00:00,124535.73,124670.57,124500.14,124614.61,0.0,0.0,0.0
2024-05-24 10:00:00,124731.39,125165.34,124731.39,124900.5,0.0,0.0,0.0
2024-05-24 11:00:00,124883.82,125257.27,124883.82,125029.14,0.0,0.0,0.0
2024-05-24 12:00:00,125020.04,125049.93,124815.55,124833.78,0.0,0.0,0.0
2024-05-24 13:00:00,124836.33,125017.46,124700.84,124700.84,0.0,0.0,0.0
2024-05-24 14:00:00,124727.27,124827.29,124626.71,124801.98,0.0,0.0,0.0
2024-05-24 15:00:00,124788.16,124788.16,124269.18,124357.84,0.0,0.0,0.0
2024-05-24 16:00:00,124339.84,124511.52,124259.33,124474.36,0.0,0.0,0.0
2024-05-27 10:00:00,124297.47,124534.59,124121.97,124256.31,0.0,0.0,0.0
2024-05-27 11:00:00,124250.81,124327.24,124081.39,124244.67,0.0,0.0,0.0
2024-05-27 12:00:00,124212.92,124418.32,124169.54,124352.67,0.0,0.0,0.0
2024-05-27 13:00:00,124341.36,124416.74,124264.37,124373.16,0.0,0.0,0.0
2024-05-27 14:00:00,124361.61,124484.44,124232.32,124278.78,0.0,0.0,0.0
2024-05-27 15:00:00,124274.28,124380.82,124273.22,124282.84,0.0,0.0,0.0
2024-05-27 16:00:00,124292.76,124471.9,124292.76,124471.07,0.0,0.0,0.0
2024-05-28 10:00:00,124498.09,125392.39,124498.09,124678.6,0.0,0.0,0.0
2024-05-28 11:00:00,124691.81,124765.04,124541.8,124604.29,0.0,0.0,0.0
2024-05-28 12:00:00,124586.06,124810.41,124523.31,124798.5,0.0,0.0,0.0
2024-05-28 13:00:00,124793.46,124846.94,124125.34,124125.34,0.0,0.0,0.0
2024-05-28 14:00:00,124116.51,124294.02,123887.77,123954.41,0.0,0.0,0.0
2024-05-28 15:00:00,123896.87,124005.9,123582.92,123760.09,0.0,0.0,0.0
2024-05-28 16:00:00,123742.22,123786.55,123537.03,123710.67,0.0,0.0,0.0
2024-05-29 10:00:00,123780.47,123780.47,122457.54,122806.64,0.0,0.0,0.0
2024-05-29 11:00:00,122814.18,123123.95,122796.74,123031.77,0.0,0.0,0.0
2024-05-29 12:00:00,123063.77,123114.79,122859.49,123076.33,0.0,0.0,0.0
2024-05-29 13:00:00,123061.78,123104.95,122946.29,123014.24,0.0,0.0,0.0
2024-05-29 14:00:00,123020.87,123034.75,122551.33,122736.61,0.0,0.0,0.0
2024-05-29 15:00:00,122764.98,122965.7,122723.33,122826.81,0.0,0.0,0.0
2024-05-29 16:00:00,122847.48,123066.52,122779.6,122843.22,0.0,0.0,0.0
2024-05-31 10:00:00,122704.42,122837.28,122457.25,122476.68,0.0,0.0,0.0
2024-05-31 11:00:00,122452.9,122586.97,122066.31,122132.74,0.0,0.0,0.0
2024-05-31 12:00:00,122115.74,122231.27,122052.84,122105.52,0.0,0.0,0.0
2024-05-31 13:00:00,122094.15,122201.15,121928.86,122165.67,0.0,0.0,0.0
2024-05-31 14:00:00,122177.26,122271.81,122139.3,122202.21,0.0,0.0,0.0
2024-05-31 15:00:00,122209.27,122299.5,122105.19,122120.37,0.0,0.0,0.0
2024-05-31 16:00:00,122121.92,122323.67,122028.42,122323.67,0.0,0.0,0.0
2024-06-03 10:00:00,122099.95,122327.69,121591.64,121607.55,0.0,0.0,0.0
2024-06-03 11:00:00,121659.62,122477.33,121495.63,122258.01,0.0,0.0,0.0
2024-06-03 12:00:00,122266.19,122436.44,122001.87,122051.44,0.0,0.0,0.0
2024-06-03 13:00:00,122061.19,122088.54,121705.52,121806.93,0.0,0.0,0.0
2024-06-03 14:00:00,121804.98,122383.84,121737.91,122115.01,0.0,0.0,0.0
2024-06-03 15:00:00,122138.49,122495.33,122125.82,122337.14,0.0,0.0,0.0
2024-06-03 16:00:00,122329.55,122384.98,122180.11,122180.11,0.0,0.0,0.0
2024-06-04 10:00:00,122031.66,122031.66,120995.06,121257.34,0.0,0.0,0.0
2024-06-04 11:00:00,121284.43,121398.98,120878.36,121206.16,0.0,0.0,0.0
2024-06-04 12:00:00,121219.01,121545.87,121176.51,121303.41,0.0,0.0,0.0
2024-06-04 13:00:00,121271.32,121575.04,121223.82,121575.04,0.0,0.0,0.0
2024-06-04 14:00:00,121570.8,121703.84,121427.42,121625.23,0.0,0.0,0.0
2024-06-04 15:00:00,121604.14,121945.46,121561.56,121641.72,0.0,0.0,0.0
2024-06-04 16:00:00,121654.97,121829.56,121494.72,121829.56,0.0,0.0,0.0
2024-06-05 10:00:00,121802.96,121861.11,121598.19,121746.15,0.0,0.0,0.0
2024-06-05 11:00:00,121814.06,122170.07,121317.9,121898.49,0.0,0.0,0.0
2024-06-05 12:00:00,121881.67,122132.0,121802.89,121989.37,0.0,0.0,0.0
2024-06-05 13:00:00,121990.5,122009.96,121678.97,121745.83,0.0,0.0,0.0
2024-06-05 14:00:00,121748.08,121873.97,121502.07,121540.12,0.0,0.0,0.0
2024-06-05 15:00:00,121576.46,121649.39,121276.38,121452.55,0.0,0.0,0.0
2024-06-05 16:00:00,121437.79,121446.33,121253.01,121374.05,0.0,0.0,0.0
2024-06-06 10:00:00,121408.04,122654.95,121377.07,122327.36,0.0,0.0,0.0
2024-06-06 11:00:00,122333.88,122612.39,122190.53,122550.98,0.0,0.0,0.0
2024-06-06 12:00:00,122570.06,123245.79,122570.06,123122.23,0.0,0.0,0.0
2024-06-06 13:00:00,123129.34,123145.44,122698.82,122838.64,0.0,0.0,0.0
2024-06-06 14:00:00,122842.32,123177.19,122842.32,122953.97,0.0,0.0,0.0
2024-06-06 15:00:00,122961.42,123089.91,122717.95,122933.1,0.0,0.0,0.0
2024-06-06 16:00:00,122920.39,122960.71,122711.51,122939.63,0.0,0.0,0.0
2024-06-07 10:00:00,122898.8,122898.8,121572.17,121923.21,0.0,0.0,0.0
2024-06-07 11:00:00,121920.88,122222.28,121862.38,122058.27,0.0,0.0,0.0
2024-06-07 12:00:00,122034.65,122080.54,121775.25,121775.25,0.0,0.0,0.0
2024-06-07 13:00:00,121802.3,122010.78,121645.03,121772.28,0.0,0.0,0.0
2024-06-07 14:00:00,121792.81,121794.23,121401.15,121455.53,0.0,0.0,0.0
2024-06-07 15:00:00,121443.3,121523.93,121182.24,121193.21,0.0,0.0,0.0
2024-06-07 16:00:00,121177.98,121212.01,120679.06,120787.79,0.0,0.0,0.0
2024-06-10 10:00:00,120769.27,121273.89,120540.03,121055.49,0.0,0.0,0.0
2024-06-10 11:00:00,121039.11,121421.3,120986.89,121224.43,0.0,0.0,0.0
2024-06-10 12:00:00,121193.88,121250.96,120969.89,121080.17,0.0,0.0,0.0
2024-06-10 13:00:00,121056.82,121213.17,120980.7,121055.38,0.0,0.0,0.0
2024-06-10 14:00:00,121055.69,121123.03,120879.83,120910.43,0.0,0.0,0.0
2024-06-10 15:00:00,120879.21,121072.61,120663.2,120952.42,0.0,0.0,0.0
2024-06-10 16:00:00,120944.7,120964.75,120804.75,120841.12,0.0,0.0,0.0
2024-06-11 10:00:00,120759.51,121510.72,120757.2,121091.62,0.0,0.0,0.0
2024-06-11 11:00:00,121101.34,121664.05,121101.34,121458.95,0.0,0.0,0.0
2024-06-11 12:00:00,121428.76,121576.4,121333.3,121554.06,0.0,0.0,0.0
2024-06-11 13:00:00,121585.25,121585.25,121307.84,121389.55,0.0,0.0,0.0
2024-06-11 14:00:00,121385.27,121635.45,121267.37,121482.46,0.0,0.0,0.0
2024-06-11 15:00:00,121490.7,121742.51,121400.95,121718.23,0.0,0.0,0.0
2024-06-11 16:00:00,121724.08,121759.04,121593.12,121680.87,0.0,0.0,0.0
2024-06-12 10:00:00,121644.13,122482.51,119955.36,120064.41,0.0,0.0,0.0
2024-06-12 11:00:00,120111.75,120430.23,119830.26,120118.08,0.0,0.0,0.0
2024-06-12 12:00:00,120143.01,120319.18,119958.46,120274.26,0.0,0.0,0.0
2024-06-12 13:00:00,120253.15,120625.58,120102.08,120426.12,0.0,0.0,0.0
2024-06-12 14:00:00,120427.11,120527.89,120216.52,120450.67,0.0,0.0,0.0
2024-06-12 15:00:00,120469.77,120469.77,119544.21,119848.53,0.0,0.0,0.0
2024-06-12 16:00:00,119834.34,120117.61,119733.91,119928.41,0.0,0.0,0.0
2024-06-13 10:00:00,119936.02,120222.24,119612.09,119612.09,0.0,0.0,0.0
2024-06-13 11:00:00,119666.33,119727.39,119254.74,119432.99,0.0,0.0,0.0
2024-06-13 12:00:00,119359.77,120063.12,119170.66,119847.4,0.0,0.0,0.0
2024-06-13 13:00:00,119827.56,120039.49,119654.08,119983.32,0.0,0.0,0.0
2024-06-13 14:00:00,119948.86,120055.48,119762.91,119882.32,0.0,0.0,0.0
2024-06-13 15:00:00,119897.2,120048.03,119801.55,119973.76,0.0,0.0,0.0
2024-06-13 16:00:00,119962.84,120011.2,119777.21,119777.21,0.0,0.0,0.0
2024-06-14 10:00:00,119557.75,119557.75,118839.6,118941.57,0.0,0.0,0.0
2024-06-14 11:00:00,118966.72,119654.07,118828.08,119654.07,0.0,0.0,0.0
2024-06-14 12:00:00,119691.29,120213.65,119668.07,119849.3,0.0,0.0,0.0
2024-06-14 13:00:00,119821.95,119902.56,119703.89,119721.64,0.0,0.0,0.0
2024-06-14 14:00:00,119728.33,119806.73,119236.9,119294.57,0.0,0.0,0.0
2024-06-14 15:00:00,119294.59,119767.15,119272.64,119605.29,0.0,0.0,0.0
2024-06-14 16:00:00,119621.32,119775.8,119573.47,119686.1,0.0,0.0,0.0
2024-06-17 10:00:00,119663.06,119663.06,118834.16,119029.04,0.0,0.0,0.0
2024-06-17 11:00:00,119048.16,119049.65,118718.33,118859.14,0.0,0.0,0.0
2024-06-17 12:00:00,118824.39,119186.44,118685.1,119121.47,0.0,0.0,0.0
2024-06-17 13:00:00,119135.16,119601.96,119120.0,119601.96,0.0,0.0,0.0
2024-06-17 14:00:00,119622.85,119638.47,119276.7,119345.57,0.0,0.0,0.0
2024-06-17 15:00:00,119326.52,119474.22,119242.12,119375.31,0.0,0.0,0.0
2024-06-17 16:00:00,119376.96,119391.34,119106.5,119263.36,0.0,0.0,0.0
2024-06-18 10:00:00,119138.37,120108.98,118872.22,120049.94,0.0,0.0,0.0
2024-06-18 11:00:00,120083.07,120083.07,119437.27,119605.82,0.0,0.0,0.0
2024-06-18 12:00:00,119644.66,119770.78,119520.1,119575.04,0.0,0.0,0.0
2024-06-18 13:00:00,119582.93,119822.76,119573.56,119799.84,0.0,0.0,0.0
2024-06-18 14:00:00,119788.47,120012.84,119718.76,119760.77,0.0,0.0,0.0
2024-06-18 15:00:00,119758.48,119899.13,119577.97,119597.77,0.0,0.0,0.0
2024-06-18 16:00:00,119587.53,119587.75,119298.91,119497.46,0.0,0.0,0.0
2024-06-19 10:00:00,119630.44,119630.68,118960.37,119015.42,0.0,0.0,0.0
2024-06-19 11:00:00,118990.25,119278.21,118988.81,119197.58,0.0,0.0,0.0
2024-06-19 12:00:00,119210.38,119628.52,119065.27,119421.93,0.0,0.0,0.0
2024-06-19 13:00:00,119429.2,119683.37,119391.2,119652.14,0.0,0.0,0.0
2024-06-19 14:00:00,119647.62,119795.15,119471.35,119663.33,0.0,0.0,0.0
2024-06-19 15:00:00,119665.91,120031.72,119626.71,120001.03,0.0,0.0,0.0
2024-06-19 16:00:00,120003.9,120383.33,119891.36,120340.3,0.0,0.0,0.0
2024-06-20 10:00:00,120266.77,121606.64,120266.77,121507.26,0.0,0.0,0.0
2024-06-20 11:00:00,121488.23,121585.61,120720.8,120888.97,0.0,0.0,0.0
2024-06-20 12:00:00,120898.48,120907.62,120419.93,120542.54,0.0,0.0,0.0
2024-06-20 13:00:00,120509.4,120509.4,120156.3,120349.18,0.0,0.0,0.0
2024-06-20 14:00:00,120297.1,120572.44,120212.9,120431.58,0.0,0.0,0.0
2024-06-20 15:00:00,120432.56,120893.09,120410.32,120838.83,0.0,0.0,0.0
2024-06-20 16:00:00,120791.57,120853.77,120394.58,120472.62,0.0,0.0,0.0
2024-06-21 10:00:00,120446.02,121359.06,120061.04,121327.05,0.0,0.0,0.0
2024-06-21 11:00:00,121311.04,121428.39,121095.36,121261.9,0.0,0.0,0.0
2024-06-21 12:00:00,121213.91,121346.23,120973.49,121035.19,0.0,0.0,0.0
2024-06-21 13:00:00,121020.27,121359.04,120980.54,121240.47,0.0,0.0,0.0
2024-06-21 14:00:00,121251.46,121303.26,121089.72,121109.88,0.0,0.0,0.0
2024-06-21 15:00:00,121107.84,121417.52,121047.24,121387.56,0.0,0.0,0.0
2024-06-21 16:00:00,121396.2,121580.05,121378.09,121439.78,0.0,0.0,0.0
2024-06-24 10:00:00,121342.74,122839.73,121307.01,122725.71,0.0,0.0,0.0
2024-06-24 11:00:00,122709.92,122802.82,122524.54,122599.5,0.0,0.0,0.0
2024-06-24 12:00:00,122629.76,122645.55,122393.55,122532.85,0.0,0.0,0.0
2024-06-24 13:00:00,122514.43,122671.9,122419.92,122544.96,0.0,0.0,0.0
2024-06-24 14:00:00,122556.25,122667.57,122429.98,122553.34,0.0,0.0,0.0
2024-06-24 15:00:00,122554.35,122636.85,122425.15,122490.32,0.0,0.0,0.0
2024-06-24 16:00:00,122484.4,122682.44,122447.07,122588.62,0.0,0.0,0.0
2024-06-25 10:00:00,122634.25,122849.07,122246.42,122409.36,0.0,0.0,0.0
2024-06-25 11:00:00,122438.97,122574.21,122150.03,122332.66,0.0,0.0,0.0
2024-06-25 12:00:00,122357.13,122357.13,121997.14,122092.75,0.0,0.0,0.0
2024-06-25 13:00:00,122077.37,122217.03,122022.34,122217.03,0.0,0.0,0.0
2024-06-25 14:00:00,122213.23,122503.22,122085.2,122380.11,0.0,0.0,0.0
2024-06-25 15:00:00,122397.93,122462.62,122290.9,122370.63,0.0,0.0,0.0
2024-06-25 16:00:00,122365.94,122377.73,122204.23,122243.42,0.0,0.0,0.0
2024-06-26 10:00:00,122331.39,122331.39,121402.0,121642.35,0.0,0.0,0.0
2024-06-26 11:00:00,121635.41,121998.1,121592.36,121719.03,0.0,0.0,0.0
2024-06-26 12:00:00,121698.7,122054.64,121572.18,122044.98,0.0,0.0,0.0
2024-06-26 13:00:00,122039.11,122421.66,122039.11,122357.02,0.0,0.0,0.0
2024-06-26 14:00:00,122355.53,122466.9,122232.7,122451.87,0.0,0.0,0.0
2024-06-26 15:00:00,122435.96,122636.34,122198.84,122198.84,0.0,0.0,0.0
2024-06-26 16:00:00,122199.53,122701.2,122166.5,122701.2,0.0,0.0,0.0
2024-06-27 10:00:00,122642.1,123765.86,122641.84,123728.4,0.0,0.0,0.0
2024-06-27 11:00:00,123725.06,123828.49,123071.39,123071.39,0.0,0.0,0.0
2024-06-27 12:00:00,123068.36,123635.21,122967.27,123635.21,0.0,0.0,0.0
2024-06-27 13:00:00,123638.75,123638.75,123362.84,123460.92,0.0,0.0,0.0
2024-06-27 14:00:00,123458.67,123804.03,123251.04,123804.03,0.0,0.0,0.0
2024-06-27 15:00:00,123787.96,124243.7,123632.39,124226.67,0.0,0.0,0.0
2024-06-27 16:00:00,124224.68,124279.03,124080.71,124226.46,0.0,0.0,0.0
2024-06-28 10:00:00,124308.32,124500.19,123490.55,123490.55,0.0,0.0,0.0
2024-06-28 11:00:00,123470.77,124183.31,123298.1,124148.03,0.0,0.0,0.0
2024-06-28 12:00:00,124158.28,124252.17,124038.72,124046.11,0.0,0.0,0.0
2024-06-28 13:00:00,124047.61,124057.71,123687.77,123891.65,0.0,0.0,0.0
2024-06-28 14:00:00,123902.61,124181.44,123818.1,124066.56,0.0,0.0,0.0
2024-06-28 15:00:00,124030.2,124119.86,123624.01,123845.81,0.0,0.0,0.0
2024-06-28 16:00:00,123873.16,123957.53,123674.32,123923.21,0.0,0.0,0.0
2024-07-01 10:00:00,123904.75,125063.03,123735.19,124628.87,0.0,0.0,0.0
2024-07-01 11:00:00,124674.81,124996.16,124266.83,124996.16,0.0,0.0,0.0
2024-07-01 12:00:00,124928.5,125219.91,124865.8,124919.47,0.0,0.0,0.0
2024-07-01 13:00:00,124893.76,125144.74,124766.2,124999.94,0.0,0.0,0.0
2024-07-01 14:00:00,125010.43,125074.07,124898.25,125041.98,0.0,0.0,0.0
2024-07-01 15:00:00,125056.76,125056.76,124557.97,124680.13,0.0,0.0,0.0
2024-07-01 16:00:00,124668.56,124794.72,124514.52,124765.02,0.0,0.0,0.0
2024-07-02 10:00:00,124720.19,125490.73,124696.4,125425.36,0.0,0.0,0.0
2024-07-02 11:00:00,125436.14,125477.62,124892.61,125169.65,0.0,0.0,0.0
2024-07-02 12:00:00,125172.59,125218.03,124760.38,124833.84,0.0,0.0,0.0
2024-07-02 13:00:00,124845.68,124846.58,124310.24,124422.53,0.0,0.0,0.0
2024-07-02 14:00:00,124456.09,124763.6,124451.31,124651.2,0.0,0.0,0.0
2024-07-02 15:00:00,124655.54,125005.23,124655.54,124921.44,0.0,0.0,0.0
2024-07-02 16:00:00,124931.54,125039.94,124794.67,125038.15,0.0,0.0,0.0
2024-07-03 10:00:00,124786.64,126504.97,124786.64,126086.69,0.0,0.0,0.0
2024-07-03 11:00:00,126075.03,126580.98,126075.03,126274.69,0.0,0.0,0.0
2024-07-03 12:00:00,126311.19,126456.26,125940.22,126396.73,0.0,0.0,0.0
2024-07-03 13:00:00,126391.83,126529.22,126310.38,126404.93,0.0,0.0,0.0
2024-07-03 14:00:00,126401.9,126403.69,126017.29,126100.28,0.0,0.0,0.0
2024-07-03 15:00:00,126186.73,126326.94,126108.72,126239.13,0.0,0.0,0.0
2024-07-03 16:00:00,126246.99,126256.91,125746.29,125804.68,0.0,0.0,0.0
2024-07-04 10:00:00,125665.59,126659.95,125665.59,126271.79,0.0,0.0,0.0
2024-07-04 11:00:00,126259.01,126446.68,126050.74,126136.48,0.0,0.0,0.0
2024-07-04 12:00:00,126154.93,126434.8,126109.18,126361.07,0.0,0.0,0.0
2024-07-04 13:00:00,126361.49,126373.45,126092.36,126295.37,0.0,0.0,0.0
2024-07-04 14:00:00,126318.94,126416.53,126194.09,126307.7,0.0,0.0,0.0
2024-07-04 15:00:00,126302.39,126317.35,126100.34,126115.95,0.0,0.0,0.0
2024-07-04 16:00:00,126131.57,126317.88,126122.9,126155.29,0.0,0.0,0.0
2024-07-05 10:00:00,126165.12,126661.59,125556.48,125807.13,0.0,0.0,0.0
2024-07-05 11:00:00,125857.1,126054.36,125700.09,125890.27,0.0,0.0,0.0
2024-07-05 12:00:00,125905.76,126284.89,125905.76,126130.12,0.0,0.0,0.0
2024-07-05 13:00:00,126129.74,126353.31,125928.28,126050.14,0.0,0.0,0.0
2024-07-05 14:00:00,126064.35,126178.26,125836.57,126155.21,0.0,0.0,0.0
2024-07-05 15:00:00,126166.53,126194.23,125822.39,126194.23,0.0,0.0,0.0
2024-07-05 16:00:00,126158.0,126340.09,126074.24,126303.16,0.0,0.0,0.0
2024-07-08 10:00:00,126280.29,126301.69,125613.54,126252.03,0.0,0.0,0.0
2024-07-08 11:00:00,126290.11,126395.18,125663.93,125673.23,0.0,0.0,0.0
2024-07-08 12:00:00,125685.63,126257.85,125652.89,126242.85,0.0,0.0,0.0
2024-07-08 13:00:00,126247.92,126391.58,126123.83,126162.74,0.0,0.0,0.0
2024-07-08 14:00:00,126166.0,126543.83,126085.97,126472.94,0.0,0.0,0.0
2024-07-08 15:00:00,126497.52,126529.9,126247.98,126399.38,0.0,0.0,0.0
2024-07-08 16:00:00,126391.84,126453.13,126257.91,126419.3,0.0,0.0,0.0
2024-07-09 10:00:00,126547.95,126668.43,125936.61,126551.49,0.0,0.0,0.0
2024-07-09 11:00:00,126547.26,126827.87,126417.74,126774.84,0.0,0.0,0.0
2024-07-09 12:00:00,126787.01,127006.39,126503.36,127006.39,0.0,0.0,0.0
2024-07-09 13:00:00,127014.87,127158.74,126999.11,127130.27,0.0,0.0,0.0
2024-07-09 14:00:00,127128.93,127294.63,127053.83,127166.09,0.0,0.0,0.0
2024-07-09 15:00:00,127139.89,127187.25,127027.85,127064.49,0.0,0.0,0.0
2024-07-09 16:00:00,127060.43,127107.8,126952.04,127103.99,0.0,0.0,0.0
2024-07-10 10:00:00,127109.09,127769.25,127109.09,127121.48,0.0,0.0,0.0
2024-07-10 11:00:00,127132.86,127383.55,126928.28,127133.79,0.0,0.0,0.0
2024-07-10 12:00:00,127156.24,127315.14,127115.2,127224.58,0.0,0.0,0.0
2024-07-10 13:00:00,127188.62,127358.4,126962.91,127010.23,0.0,0.0,0.0
2024-07-10 14:00:00,126989.91,127183.48,126942.46,127152.52,0.0,0.0,0.0
2024-07-10 15:00:00,127145.59,127337.16,127031.59,127148.65,0.0,0.0,0.0
2024-07-10 16:00:00,127161.96,127275.36,127113.93,127209.23,0.0,0.0,0.0
2024-07-11 10:00:00,127220.95,128292.09,127220.95,128082.48,0.0,0.0,0.0
2024-07-11 11:00:00,128047.55,128190.37,127775.56,128107.94,0.0,0.0,0.0
2024-07-11 12:00:00,128117.13,128267.05,128006.64,128108.33,0.0,0.0,0.0
2024-07-11 13:00:00,128125.66,128190.01,128010.12,128086.48,0.0,0.0,0.0
2024-07-11 14:00:00,128088.51,128262.75,128010.99,128160.87,0.0,0.0,0.0
2024-07-11 15:00:00,128168.45,128248.95,128003.76,128229.7,0.0,0.0,0.0
2024-07-11 16:00:00,128244.61,128326.23,128180.81,128292.96,0.0,0.0,0.0
2024-07-12 10:00:00,128293.46,128633.77,128002.39,128493.34,0.0,0.0,0.0
2024-07-12 11:00:00,128534.63,128733.28,128443.21,128585.47,0.0,0.0,0.0
2024-07-12 12:00:00,128565.53,128700.38,128467.11,128558.68,0.0,0.0,0.0
2024-07-12 13:00:00,128526.31,128920.18,128463.77,128920.18,0.0,0.0,0.0
2024-07-12 14:00:00,128907.98,129010.49,128799.84,129010.49,0.0,0.0,0.0
2024-07-12 15:00:00,129007.18,129014.75,128837.35,128939.18,0.0,0.0,0.0
2024-07-12 16:00:00,128964.72,129001.07,128862.31,128897.36,0.0,0.0,0.0
2024-07-15 10:00:00,128898.4,129185.03,128723.2,128919.17,0.0,0.0,0.0
2024-07-15 11:00:00,128948.34,129234.04,128827.23,129163.68,0.0,0.0,0.0
2024-07-15 12:00:00,129139.19,129330.5,128961.05,129312.53,0.0,0.0,0.0
2024-07-15 13:00:00,129303.32,129376.4,129146.37,129196.35,0.0,0.0,0.0
2024-07-15 14:00:00,129237.26,129381.78,129177.9,129264.58,0.0,0.0,0.0
2024-07-15 15:00:00,129224.51,129485.44,129160.17,129456.51,0.0,0.0,0.0
2024-07-15 16:00:00,129466.63,129471.62,129340.93,129358.27,0.0,0.0,0.0
2024-07-16 11:00:00,129205.7,129308.36,129130.3,129308.36,0.0,0.0,0.0
2024-07-16 12:00:00,129268.63,129363.03,128885.96,128937.33,0.0,0.0,0.0
2024-07-16 13:00:00,128933.06,129055.82,128760.81,128927.72,0.0,0.0,0.0
2024-07-16 14:00:00,128922.38,129202.58,128877.02,129102.46,0.0,0.0,0.0
2024-07-16 15:00:00,129089.17,129324.41,128970.78,129012.98,0.0,0.0,0.0
2024-07-16 16:00:00,128998.07,129125.88,128967.23,129078.1,0.0,0.0,0.0
2024-07-17 10:00:00,129111.7,129354.19,128741.45,129256.87,0.0,0.0,0.0
2024-07-17 11:00:00,129272.0,129522.51,128954.82,129393.62,0.0,0.0,0.0
2024-07-17 12:00:00,129392.65,129588.99,129260.5,129318.02,0.0,0.0,0.0
2024-07-17 13:00:00,129336.22,129454.07,129168.82,129454.07,0.0,0.0,0.0
2024-07-17 14:00:00,129472.75,129618.93,129394.29,129459.25,0.0,0.0,0.0
2024-07-17 15:00:00,129463.65,129657.77,129384.4,129579.12,0.0,0.0,0.0
2024-07-17 16:00:00,129559.38,129601.35,129465.41,129465.41,0.0,0.0,0.0
2024-07-18 10:00:00,129450.32,129453.81,128598.42,128731.82,0.0,0.0,0.0
2024-07-18 11:00:00,128742.45,128760.23,128255.54,128298.67,0.0,0.0,0.0
2024-07-18 12:00:00,128288.53,128391.95,128150.42,128218.26,0.0,0.0,0.0
2024-07-18 13:00:00,128207.54,128283.19,127973.3,128050.82,0.0,0.0,0.0
2024-07-18 14:00:00,128041.97,128041.97,127847.25,127967.84,0.0,0.0,0.0
2024-07-18 15:00:00,127969.13,127969.13,127577.05,127685.96,0.0,0.0,0.0
2024-07-18 16:00:00,127693.65,127693.65,127522.81,127572.54,0.0,0.0,0.0
2024-07-19 10:00:00,127652.06,128360.05,127652.06,128171.3,0.0,0.0,0.0
2024-07-19 11:00:00,128172.05,128354.94,127791.36,127920.87,0.0,0.0,0.0
2024-07-19 12:00:00,127932.99,128031.05,127657.83,127808.4,0.0,0.0,0.0
2024-07-19 13:00:00,127811.34,127901.43,127756.69,127884.11,0.0,0.0,0.0
2024-07-19 14:00:00,127874.93,128001.58,127743.48,127883.05,0.0,0.0,0.0
2024-07-19 15:00:00,127888.7,127888.7,127412.84,127424.32,0.0,0.0,0.0
2024-07-19 16:00:00,127434.98,127665.08,127434.98,127657.09,0.0,0.0,0.0
2024-07-22 10:00:00,127616.15,127895.69,127455.86,127512.45,0.0,0.0,0.0
2024-07-22 11:00:00,127527.74,128026.7,127486.38,128013.32,0.0,0.0,0.0
2024-07-22 12:00:00,128039.99,128084.71,127651.13,128023.69,0.0,0.0,0.0
2024-07-22 13:00:00,128033.99,128090.2,127921.34,128012.91,0.0,0.0,0.0
2024-07-22 14:00:00,128037.63,128150.97,128026.71,128053.01,0.0,0.0,0.0
2024-07-22 15:00:00,128050.45,128082.63,127886.6,127915.09,0.0,0.0,0.0
2024-07-22 16:00:00,127926.05,127975.25,127840.9,127952.62,0.0,0.0,0.0
2024-07-23 10:00:00,127859.63,127859.63,126973.18,127044.74,0.0,0.0,0.0
2024-07-23 11:00:00,127079.73,127296.84,126997.61,127051.3,0.0,0.0,0.0
2024-07-23 12:00:00,127066.52,127232.61,126968.22,127027.09,0.0,0.0,0.0
2024-07-23 13:00:00,127055.52,127085.35,126840.71,126882.86,0.0,0.0,0.0
2024-07-23 14:00:00,126937.19,126945.61,126660.21,126660.21,0.0,0.0,0.0
2024-07-23 15:00:00,126681.82,126703.28,126589.83,126635.74,0.0,0.0,0.0
2024-07-23 16:00:00,126629.34,126635.27,126530.02,126632.35,0.0,0.0,0.0
2024-07-24 10:00:00,126595.56,126679.61,126217.81,126350.44,0.0,0.0,0.0
2024-07-24 11:00:00,126412.6,126742.8,126351.26,126728.78,0.0,0.0,0.0
2024-07-24 12:00:00,126748.75,126822.5,126640.97,126646.69,0.0,0.0,0.0
2024-07-24 13:00:00,126639.75,126747.25,126498.06,126556.09,0.0,0.0,0.0
2024-07-24 14:00:00,126589.09,126728.8,126443.65,126445.6,0.0,0.0,0.0
2024-07-24 15:00:00,126467.1,126469.64,126233.42,126437.58,0.0,0.0,0.0
2024-07-24 16:00:00,126425.4,126589.84,126311.21,126511.87,0.0,0.0,0.0
2024-07-25 10:00:00,126422.73,126422.73,125626.28,125879.26,0.0,0.0,0.0
2024-07-25 11:00:00,125872.97,126094.21,125714.33,125991.69,0.0,0.0,0.0
2024-07-25 12:00:00,125997.05,126094.2,125926.46,126011.33,0.0,0.0,0.0
2024-07-25 13:00:00,126033.36,126248.54,125833.86,126211.24,0.0,0.0,0.0
2024-07-25 14:00:00,126200.58,126249.62,125977.87,126213.36,0.0,0.0,0.0
2024-07-25 15:00:00,126197.63,126221.13,125901.26,125978.46,0.0,0.0,0.0
2024-07-25 16:00:00,125981.71,126125.82,125981.71,126108.08,0.0,0.0,0.0
2024-07-26 10:00:00,125964.25,126401.44,125953.28,126338.8,0.0,0.0,0.0
2024-07-26 11:00:00,126287.73,126642.92,126237.46,126577.46,0.0,0.0,0.0
2024-07-26 12:00:00,126562.84,126911.18,126562.84,126904.45,0.0,0.0,0.0
2024-07-26 13:00:00,126916.64,127267.91,126910.71,127267.91,0.0,0.0,0.0
2024-07-26 14:00:00,127256.47,127406.81,127199.21,127349.39,0.0,0.0,0.0
2024-07-26 15:00:00,127332.12,127699.91,127312.58,127499.12,0.0,0.0,0.0
2024-07-26 16:00:00,127495.46,127627.22,127425.32,127591.13,0.0,0.0,0.0
2024-07-29 10:00:00,127492.49,127657.17,126936.86,126949.66,0.0,0.0,0.0
2024-07-29 11:00:00,126985.71,127045.89,126605.66,126719.82,0.0,0.0,0.0
2024-07-29 12:00:00,126684.0,126790.01,126630.3,126697.35,0.0,0.0,0.0
2024-07-29 13:00:00,126712.27,126906.38,126698.69,126853.19,0.0,0.0,0.0
2024-07-29 14:00:00,126835.66,126981.44,126730.04,126952.49,0.0,0.0,0.0
2024-07-29 15:00:00,126921.82,126951.26,126799.9,126916.77,0.0,0.0,0.0
2024-07-29 16:00:00,126878.59,127041.07,126872.19,127025.34,0.0,0.0,0.0
2024-07-30 10:00:00,126950.76,126950.76,126263.91,126372.15,0.0,0.0,0.0
2024-07-30 11:00:00,126398.17,126560.05,126221.38,126434.06,0.0,0.0,0.0
2024-07-30 12:00:00,126438.53,126438.53,126152.49,126193.46,0.0,0.0,0.0
2024-07-30 13:00:00,126188.61,126311.37,126058.64,126083.92,0.0,0.0,0.0
2024-07-30 14:00:00,126094.22,126151.82,125972.91,126148.35,0.0,0.0,0.0
2024-07-30 15:00:00,126136.98,126230.02,126112.68,126230.02,0.0,0.0,0.0
2024-07-30 16:00:00,126206.55,126367.93,126202.79,126290.2,0.0,0.0,0.0
2024-07-31 10:00:00,126139.21,127577.3,126139.21,127164.94,0.0,0.0,0.0
2024-07-31 11:00:00,127175.49,127445.46,127146.15,127264.67,0.0,0.0,0.0
2024-07-31 12:00:00,127235.67,127417.66,127198.98,127353.45,0.0,0.0,0.0
2024-07-31 13:00:00,127340.67,127801.95,127340.67,127768.26,0.0,0.0,0.0
2024-07-31 14:00:00,127735.12,127800.72,127447.89,127514.0,0.0,0.0,0.0
2024-07-31 15:00:00,127489.73,127820.96,127317.22,127769.02,0.0,0.0,0.0
2024-07-31 16:00:00,127779.39,127852.69,127369.28,127471.61,0.0,0.0,0.0
2024-08-01 10:00:00,127652.02,128720.57,127651.32,128651.82,0.0,0.0,0.0
2024-08-01 11:00:00,128669.88,128761.54,128261.44,128283.12,0.0,0.0,0.0
2024-08-01 12:00:00,128278.7,128278.7,127808.06,127811.55,0.0,0.0,0.0
2024-08-01 13:00:00,127787.19,127912.33,127487.93,127654.03,0.0,0.0,0.0
2024-08-01 14:00:00,127608.59,127796.28,127529.34,127704.8,0.0,0.0,0.0
2024-08-01 15:00:00,127711.42,127730.92,127174.4,127174.4,0.0,0.0,0.0
2024-08-01 16:00:00,127186.22,127505.16,127149.63,127412.95,0.0,0.0,0.0
2024-08-02 10:00:00,127395.1,128103.59,126779.92,126840.0,0.0,0.0,0.0
2024-08-02 11:00:00,126856.58,127096.22,126341.43,126341.43,0.0,0.0,0.0
2024-08-02 12:00:00,126306.44,126387.68,126098.63,126193.55,0.0,0.0,0.0
2024-08-02 13:00:00,126190.61,126249.96,125968.88,126138.64,0.0,0.0,0.0
2024-08-02 14:00:00,126170.27,126301.19,125984.44,126028.97,0.0,0.0,0.0
2024-08-02 15:00:00,126026.55,126133.36,125936.75,125969.64,0.0,0.0,0.0
2024-08-02 16:00:00,125976.05,126074.43,125730.94,125772.62,0.0,0.0,0.0
2024-08-05 10:00:00,125850.51,125850.51,123073.16,124073.69,0.0,0.0,0.0
2024-08-05 11:00:00,124048.3,124521.82,124048.3,124308.91,0.0,0.0,0.0
2024-08-05 12:00:00,124311.76,124913.06,124150.29,124654.7,0.0,0.0,0.0
2024-08-05 13:00:00,124612.06,125008.23,124611.76,124803.94,0.0,0.0,0.0
2024-08-05 14:00:00,124775.64,125323.43,124775.64,125035.48,0.0,0.0,0.0
2024-08-05 15:00:00,125050.64,125193.16,124855.0,124964.21,0.0,0.0,0.0
2024-08-05 16:00:00,124932.95,125219.06,124917.7,125216.03,0.0,0.0,0.0
2024-08-06 10:00:00,125270.05,125816.02,125261.37,125557.66,0.0,0.0,0.0
2024-08-06 11:00:00,125573.13,125786.46,125281.18,125281.18,0.0,0.0,0.0
2024-08-06 12:00:00,125291.21,125776.04,125291.21,125776.04,0.0,0.0,0.0
2024-08-06 13:00:00,125778.81,126236.6,125762.74,126073.61,0.0,0.0,0.0
2024-08-06 14:00:00,126064.07,126525.11,126055.66,126364.41,0.0,0.0,0.0
2024-08-06 15:00:00,126341.6,126966.28,126341.6,126747.2,0.0,0.0,0.0
2024-08-06 16:00:00,126749.74,126749.74,126321.17,126345.63,0.0,0.0,0.0
2024-08-07 10:00:00,126267.7,127405.01,126267.7,127405.01,0.0,0.0,0.0
2024-08-07 11:00:00,127364.5,127364.5,126718.73,126847.96,0.0,0.0,0.0
2024-08-07 12:00:00,126922.33,127199.38,126842.74,127181.72,0.0,0.0,0.0
2024-08-07 13:00:00,127189.43,127189.43,126814.68,126816.91,0.0,0.0,0.0
2024-08-07 14:00:00,126835.74,126952.64,126668.52,126846.0,0.0,0.0,0.0
2024-08-07 15:00:00,126859.01,127110.2,126666.35,127110.2,0.0,0.0,0.0
2024-08-07 16:00:00,127104.79,127485.47,127082.99,127369.39,0.0,0.0,0.0
2024-08-08 10:00:00,127515.17,128245.92,127515.17,128245.92,0.0,0.0,0.0
2024-08-08 11:00:00,128197.02,128522.73,128170.32,128433.34,0.0,0.0,0.0
2024-08-08 12:00:00,128407.99,128656.98,128351.73,128630.05,0.0,0.0,0.0
2024-08-08 13:00:00,128646.82,128646.82,128479.22,128582.48,0.0,0.0,0.0
2024-08-08 14:00:00,128563.24,128686.99,128410.73,128554.63,0.0,0.0,0.0
2024-08-08 15:00:00,128543.04,128792.99,128501.67,128630.84,0.0,0.0,0.0
2024-08-08 16:00:00,128628.28,128628.28,128508.13,128573.03,0.0,0.0,0.0
2024-08-09 10:00:00,128661.52,129583.07,128661.52,129131.73,0.0,0.0,0.0
2024-08-09 11:00:00,129136.51,129631.84,129044.37,129619.4,0.0,0.0,0.0
2024-08-09 12:00:00,129588.96,129845.82,129588.96,129667.79,0.0,0.0,0.0
2024-08-09 13:00:00,129665.31,130101.69,129665.31,130092.85,0.0,0.0,0.0
2024-08-09 14:00:00,130076.8,130631.17,130076.8,130394.75,0.0,0.0,0.0
2024-08-09 15:00:00,130372.03,130542.06,130281.14,130450.75,0.0,0.0,0.0
2024-08-09 16:00:00,130461.01,130610.61,130394.58,130498.26,0.0,0.0,0.0
2024-08-12 10:00:00,130615.25,131661.98,130615.25,131192.28,0.0,0.0,0.0
2024-08-12 11:00:00,131222.83,131522.81,131194.67,131489.11,0.0,0.0,0.0
2024-08-12 12:00:00,131482.45,131536.77,131195.28,131536.77,0.0,0.0,0.0
2024-08-12 13:00:00,131511.19,131643.56,131447.03,131548.94,0.0,0.0,0.0
2024-08-12 14:00:00,131532.98,131532.98,131249.84,131315.75,0.0,0.0,0.0
2024-08-12 15:00:00,131311.59,131355.34,131127.09,131310.94,0.0,0.0,0.0
2024-08-12 16:00:00,131334.39,131379.92,131199.83,131221.8,0.0,0.0,0.0
2024-08-13 10:00:00,131115.41,132182.41,131115.41,132103.89,0.0,0.0,0.0
2024-08-13 11:00:00,132081.39,132319.17,131948.91,132093.64,0.0,0.0,0.0
2024-08-13 12:00:00,132091.34,132165.02,131903.77,131922.75,0.0,0.0,0.0
2024-08-13 13:00:00,131915.86,132337.94,131898.52,132188.45,0.0,0.0,0.0
2024-08-13 14:00:00,132205.23,132429.5,132125.14,132200.7,0.0,0.0,0.0
2024-08-13 15:00:00,132236.31,132401.48,132236.31,132360.05,0.0,0.0,0.0
2024-08-13 16:00:00,132350.66,132425.2,132307.41,132349.22,0.0,0.0,0.0
2024-08-14 10:00:00,132398.02,133264.02,132112.23,132712.44,0.0,0.0,0.0
2024-08-14 11:00:00,132738.48,132928.89,132624.08,132819.98,0.0,0.0,0.0
2024-08-14 12:00:00,132834.91,133103.48,132734.47,133101.69,0.0,0.0,0.0
2024-08-14 13:00:00,133076.27,133173.2,132928.48,133083.81,0.0,0.0,0.0
2024-08-14 14:00:00,133123.22,133579.2,133123.22,133577.64,0.0,0.0,0.0
2024-08-14 15:00:00,133574.06,133777.19,133537.3,133742.41,0.0,0.0,0.0
2024-08-14 16:00:00,133726.41,133726.41,133274.03,133274.03,0.0,0.0,0.0
2024-08-15 10:00:00,133318.77,134057.66,133318.77,133885.7,0.0,0.0,0.0
2024-08-15 11:00:00,133888.95,134188.91,133839.14,134171.69,0.0,0.0,0.0
2024-08-15 12:00:00,134176.27,134404.52,134176.27,134351.39,0.0,0.0,0.0
2024-08-15 13:00:00,134354.06,134574.5,134340.33,134399.14,0.0,0.0,0.0
2024-08-15 14:00:00,134408.97,134533.91,134326.92,134400.31,0.0,0.0,0.0
2024-08-15 15:00:00,134401.16,134441.16,134060.28,134144.52,0.0,0.0,0.0
2024-08-15 16:00:00,134118.47,134278.98,134077.44,134101.42,0.0,0.0,0.0
2024-08-16 10:00:00,134153.81,134781.44,134153.81,134716.31,0.0,0.0,0.0
2024-08-16 11:00:00,134705.27,134736.45,134131.19,134243.7,0.0,0.0,0.0
2024-08-16 12:00:00,134239.16,134305.08,134097.27,134270.12,0.0,0.0,0.0
2024-08-16 13:00:00,134272.58,134531.0,134233.44,134436.62,0.0,0.0,0.0
2024-08-16 14:00:00,134433.17,134453.34,134003.22,134101.05,0.0,0.0,0.0
2024-08-16 15:00:00,134089.3,134139.16,133851.67,134028.23,0.0,0.0,0.0
2024-08-16 16:00:00,134015.38,134068.17,133876.55,133876.55,0.0,0.0,0.0
2024-08-19 10:00:00,133953.31,135182.19,133953.31,135137.41,0.0,0.0,0.0
2024-08-19 11:00:00,135154.53,135349.94,135102.78,135279.27,0.0,0.0,0.0
2024-08-19 12:00:00,135260.05,135623.2,135214.3,135564.66,0.0,0.0,0.0
2024-08-19 13:00:00,135541.48,135764.41,135529.53,135738.62,0.0,0.0,0.0
2024-08-19 14:00:00,135721.08,136179.2,135721.08,135988.94,0.0,0.0,0.0
2024-08-19 15:00:00,135971.53,136064.95,135775.98,135845.95,0.0,0.0,0.0
2024-08-19 16:00:00,135845.31,136069.69,135809.58,135948.52,0.0,0.0,0.0
2024-08-20 10:00:00,135778.5,136190.62,135464.94,135530.38,0.0,0.0,0.0
2024-08-20 11:00:00,135574.72,135601.61,135311.69,135551.12,0.0,0.0,0.0
2024-08-20 12:00:00,135616.7,135878.94,135554.73,135793.83,0.0,0.0,0.0
2024-08-20 13:00:00,135829.25,136264.44,135808.64,136050.19,0.0,0.0,0.0
2024-08-20 14:00:00,136036.08,136191.09,135873.19,136158.11,0.0,0.0,0.0
2024-08-20 15:00:00,136189.61,136329.8,136152.09,136181.94,0.0,0.0,0.0
2024-08-20 16:00:00,136186.06,136282.7,136086.88,136149.16,0.0,0.0,0.0
2024-08-21 10:00:00,136088.19,137039.55,136085.84,136773.84,0.0,0.0,0.0
2024-08-21 11:00:00,136745.5,136813.03,136295.7,136429.14,0.0,0.0,0.0
2024-08-21 12:00:00,136417.48,136590.95,136245.84,136279.7,0.0,0.0,0.0
2024-08-21 13:00:00,136300.09,136432.02,136225.7,136289.23,0.0,0.0,0.0
2024-08-21 14:00:00,136285.95,136473.95,136189.53,136276.52,0.0,0.0,0.0
2024-08-21 15:00:00,136305.73,136729.52,136305.73,136591.36,0.0,0.0,0.0
2024-08-21 16:00:00,136612.34,136621.48,136493.95,136495.7,0.0,0.0,0.0
2024-08-22 10:00:00,136462.19,136462.19,135601.58,135704.73,0.0,0.0,0.0
2024-08-22 11:00:00,135702.23,135831.17,135464.28,135617.3,0.0,0.0,0.0
2024-08-22 12:00:00,135636.05,135783.94,135074.38,135106.67,0.0,0.0,0.0
2024-08-22 13:00:00,135124.84,135253.94,135063.64,135136.86,0.0,0.0,0.0
2024-08-22 14:00:00,135125.19,135206.75,134835.73,134901.31,0.0,0.0,0.0
2024-08-22 15:00:00,134907.23,135232.33,134837.55,135180.45,0.0,0.0,0.0
2024-08-22 16:00:00,135166.91,135297.94,134970.66,134970.66,0.0,0.0,0.0
2024-08-23 10:00:00,135174.19,136014.23,135174.19,135546.69,0.0,0.0,0.0
2024-08-23 11:00:00,135545.52,136350.27,135545.52,136350.27,0.0,0.0,0.0
2024-08-23 12:00:00,136342.92,136477.53,136197.16,136222.81,0.0,0.0,0.0
2024-08-23 13:00:00,136239.25,136394.25,136044.22,136231.48,0.0,0.0,0.0
2024-08-23 14:00:00,136205.8,136234.84,136100.09,136176.89,0.0,0.0,0.0
2024-08-23 15:00:00,136175.3,136266.94,136026.62,136033.86,0.0,0.0,0.0
2024-08-23 16:00:00,136052.59,136093.78,135803.0,135803.0,0.0,0.0,0.0
2024-08-26 10:00:00,135608.47,136683.03,135595.59,136643.7,0.0,0.0,0.0
2024-08-26 11:00:00,136605.48,136888.95,136462.66,136520.84,0.0,0.0,0.0
2024-08-26 12:00:00,136524.33,136617.8,136227.06,136497.78,0.0,0.0,0.0
2024-08-26 13:00:00,136561.55,136874.64,136500.25,136760.38,0.0,0.0,0.0
2024-08-26 14:00:00,136722.98,137013.05,136710.55,136838.92,0.0,0.0,0.0
2024-08-26 15:00:00,136810.62,136882.73,136689.22,136882.61,0.0,0.0,0.0
2024-08-26 16:00:00,136886.83,136915.38,136794.41,136893.7,0.0,0.0,0.0
2024-08-27 10:00:00,136888.16,137120.12,136664.41,136885.64,0.0,0.0,0.0
2024-08-27 11:00:00,136834.78,137208.31,136740.34,137076.97,0.0,0.0,0.0
2024-08-27 12:00:00,137078.19,137212.64,136842.72,136851.23,0.0,0.0,0.0
2024-08-27 13:00:00,136858.73,136900.44,136746.64,136794.48,0.0,0.0,0.0
2024-08-27 14:00:00,136787.16,137002.98,136787.16,136942.73,0.0,0.0,0.0
2024-08-27 15:00:00,136952.02,137060.31,136923.22,136980.52,0.0,0.0,0.0
2024-08-27 16:00:00,136989.91,137083.44,136941.48,137009.39,0.0,0.0,0.0
2024-08-28 10:00:00,136775.91,136775.91,135746.41,136109.33,0.0,0.0,0.0
2024-08-28 11:00:00,136077.58,136834.91,136077.58,136687.7,0.0,0.0,0.0
2024-08-28 12:00:00,136702.41,136763.41,136407.19,136737.81,0.0,0.0,0.0
2024-08-28 13:00:00,136702.31,136874.02,136488.38,136779.73,0.0,0.0,0.0
2024-08-28 14:00:00,136772.97,137002.14,136772.97,136851.19,0.0,0.0,0.0
2024-08-28 15:00:00,136835.23,137221.59,136738.5,137221.59,0.0,0.0,0.0
2024-08-28 16:00:00,137239.08,137469.27,137222.36,137386.09,0.0,0.0,0.0
2024-08-29 10:00:00,137349.23,137370.36,136462.19,136752.88,0.0,0.0,0.0
2024-08-29 11:00:00,136730.38,136777.98,136161.41,136307.16,0.0,0.0,0.0
2024-08-29 12:00:00,136315.77,136315.77,136018.11,136085.2,0.0,0.0,0.0
2024-08-29 13:00:00,136061.23,136130.92,135861.45,135940.25,0.0,0.0,0.0
2024-08-29 14:00:00,135937.91,136229.34,135857.81,136229.34,0.0,0.0,0.0
2024-08-29 15:00:00,136222.17,136372.22,135987.89,136216.62,0.0,0.0,0.0
2024-08-29 16:00:00,136201.59,136336.59,135991.7,136031.19,0.0,0.0,0.0
2024-08-30 10:00:00,136041.34,136041.34,134910.48,135374.25,0.0,0.0,0.0
2024-08-30 11:00:00,135329.33,136136.69,135329.33,136028.36,0.0,0.0,0.0
2024-08-30 12:00:00,135999.91,136138.94,135685.23,135685.23,0.0,0.0,0.0
2024-08-30 13:00:00,135668.41,135770.2,135210.92,135279.2,0.0,0.0,0.0
2024-08-30 14:00:00,135279.81,135497.98,135279.81,135430.69,0.0,0.0,0.0
2024-08-30 15:00:00,135421.02,135494.12,135339.06,135347.84,0.0,0.0,0.0
2024-08-30 16:00:00,135359.48,135510.55,135341.28,135496.3,0.0,0.0,0.0
2024-09-02 10:00:00,136003.81,136003.81,134675.91,134693.69,0.0,0.0,0.0
2024-09-02 11:00:00,134739.16,134881.27,134496.7,134761.34,0.0,0.0,0.0
2024-09-02 12:00:00,134773.58,134924.88,134716.44,134859.38,0.0,0.0,0.0
2024-09-02 13:00:00,134883.84,134899.53,134692.45,134890.44,0.0,0.0,0.0
2024-09-02 14:00:00,134892.2,135266.06,134861.91,135061.05,0.0,0.0,0.0
2024-09-02 15:00:00,135022.02,135022.02,134903.28,134926.69,0.0,0.0,0.0
2024-09-02 16:00:00,134898.73,135037.06,134813.2,134834.02,0.0,0.0,0.0
2024-09-03 10:00:00,134918.56,134947.77,134390.55,134507.3,0.0,0.0,0.0
2024-09-03 11:00:00,134514.02,135010.55,134259.55,134554.48,0.0,0.0,0.0
2024-09-03 12:00:00,134574.8,134697.34,134355.84,134404.34,0.0,0.0,0.0
2024-09-03 13:00:00,134398.75,134686.5,134398.75,134478.58,0.0,0.0,0.0
2024-09-03 14:00:00,134468.44,134837.06,134468.44,134537.39,0.0,0.0,0.0
2024-09-03 15:00:00,134542.69,134609.2,134381.8,134458.02,0.0,0.0,0.0
2024-09-03 16:00:00,134444.98,134528.66,134171.3,134297.8,0.0,0.0,0.0
2024-09-04 10:00:00,134359.02,136203.95,134359.02,136172.53,0.0,0.0,0.0
2024-09-04 11:00:00,136126.2,136721.8,135992.69,136721.8,0.0,0.0,0.0
2024-09-04 12:00:00,136838.27,136838.27,136511.78,136529.44,0.0,0.0,0.0
2024-09-04 13:00:00,136522.25,136540.28,136383.23,136420.34,0.0,0.0,0.0
2024-09-04 14:00:00,136428.19,136428.92,136127.06,136182.86,0.0,0.0,0.0
2024-09-04 15:00:00,136213.5,136342.34,136129.73,136212.17,0.0,0.0,0.0
2024-09-04 16:00:00,136201.25,136709.02,136201.25,136461.88,0.0,0.0,0.0
2024-09-05 10:00:00,136111.94,136529.02,135959.31,136286.39,0.0,0.0,0.0
2024-09-05 11:00:00,136323.03,136498.48,136067.19,136109.41,0.0,0.0,0.0
2024-09-05 12:00:00,136140.06,136286.38,136043.77,136065.58,0.0,0.0,0.0
2024-09-05 13:00:00,136058.59,136533.92,136035.98,136533.92,0.0,0.0,0.0
2024-09-05 14:00:00,136510.88,136656.05,136250.44,136341.22,0.0,0.0,0.0
2024-09-05 15:00:00,136372.27,136489.19,136246.69,136358.11,0.0,0.0,0.0
2024-09-05 16:00:00,136360.0,136633.52,136297.55,136456.81,0.0,0.0,0.0
2024-09-06 10:00:00,136508.3,136653.0,135831.88,136073.3,0.0,0.0,0.0
2024-09-06 11:00:00,136047.69,136115.27,135116.77,135172.67,0.0,0.0,0.0
2024-09-06 12:00:00,135166.02,135549.61,134882.12,134912.7,0.0,0.0,0.0
2024-09-06 13:00:00,134919.66,134987.44,134713.75,134812.66,0.0,0.0,0.0
2024-09-06 14:00:00,134817.12,134982.17,134616.33,134619.17,0.0,0.0,0.0
2024-09-06 15:00:00,134623.98,134789.09,134476.19,134755.05,0.0,0.0,0.0
2024-09-06 16:00:00,134777.05,134777.88,134584.72,134598.59,0.0,0.0,0.0
2024-09-09 10:00:00,134574.02,135189.88,134399.45,135138.06,0.0,0.0,0.0
2024-09-09 11:00:00,135129.3,135249.97,134965.14,135038.72,0.0,0.0,0.0
2024-09-09 12:00:00,135067.3,135089.3,134798.42,134884.62,0.0,0.0,0.0
2024-09-09 13:00:00,134884.56,135136.33,134786.42,135099.09,0.0,0.0,0.0
2024-09-09 14:00:00,135083.97,135177.38,134829.73,134874.52,0.0,0.0,0.0
2024-09-09 15:00:00,134851.59,134935.55,134675.98,134914.28,0.0,0.0,0.0
2024-09-09 16:00:00,134917.83,134981.91,134738.19,134747.41,0.0,0.0,0.0
2024-09-10 10:00:00,134737.69,134737.69,134048.36,134069.97,0.0,0.0,0.0
2024-09-10 11:00:00,134020.81,134107.83,133754.19,133911.16,0.0,0.0,0.0
2024-09-10 12:00:00,133926.52,134234.02,133875.28,133960.95,0.0,0.0,0.0
2024-09-10 13:00:00,133964.12,134124.12,133913.7,134028.94,0.0,0.0,0.0
2024-09-10 14:00:00,134026.84,134086.08,133790.05,133924.8,0.0,0.0,0.0
2024-09-10 15:00:00,133958.56,134326.2,133958.56,134310.42,0.0,0.0,0.0
2024-09-10 16:00:00,134333.11,134529.77,134245.2,134507.23,0.0,0.0,0.0
2024-09-11 10:00:00,134310.3,135087.31,134265.56,134348.89,0.0,0.0,0.0
2024-09-11 11:00:00,134399.27,134716.52,133756.97,134012.95,0.0,0.0,0.0
2024-09-11 12:00:00,134029.92,134489.36,133988.02,134489.36,0.0,0.0,0.0
2024-09-11 13:00:00,134490.12,134781.23,134444.56,134720.45,0.0,0.0,0.0
2024-09-11 14:00:00,134683.94,135004.34,134683.94,134913.09,0.0,0.0,0.0
2024-09-11 15:00:00,134893.02,134913.27,134615.19,134634.81,0.0,0.0,0.0
2024-09-11 16:00:00,134635.66,134693.69,134571.86,134683.34,0.0,0.0,0.0
2024-09-12 10:00:00,134676.59,134776.88,133980.41,134032.56,0.0,0.0,0.0
2024-09-12 11:00:00,134015.2,134160.02,133591.05,133679.38,0.0,0.0,0.0
2024-09-12 12:00:00,133645.88,134027.33,133620.69,133853.98,0.0,0.0,0.0
2024-09-12 13:00:00,133850.03,134013.11,133761.05,133995.8,0.0,0.0,0.0
2024-09-12 14:00:00,133991.28,134238.75,133888.86,134236.05,0.0,0.0,0.0
2024-09-12 15:00:00,134218.78,134356.94,134133.5,134267.56,0.0,0.0,0.0
2024-09-12 16:00:00,134249.95,134291.47,134161.81,134194.27,0.0,0.0,0.0
2024-09-13 10:00:00,134030.64,135795.27,134030.64,135741.27,0.0,0.0,0.0
2024-09-13 11:00:00,135688.61,135878.5,135353.09,135767.73,0.0,0.0,0.0
2024-09-13 12:00:00,135773.31,135793.3,135475.88,135613.95,0.0,0.0,0.0
2024-09-13 13:00:00,135638.06,135657.34,135015.44,135080.25,0.0,0.0,0.0
2024-09-13 14:00:00,135061.25,135127.59,134813.98,134818.77,0.0,0.0,0.0
2024-09-13 15:00:00,134847.31,135008.48,134713.42,134924.98,0.0,0.0,0.0
2024-09-13 16:00:00,134924.09,135093.7,134881.17,134971.7,0.0,0.0,0.0
2024-09-16 10:00:00,134884.77,135715.09,134869.97,135500.88,0.0,0.0,0.0
2024-09-16 11:00:00,135492.55,135652.38,135072.09,135219.38,0.0,0.0,0.0
2024-09-16 12:00:00,135210.38,135267.16,134932.52,134936.61,0.0,0.0,0.0
2024-09-16 13:00:00,134927.95,135116.66,134927.95,135001.97,0.0,0.0,0.0
2024-09-16 14:00:00,134999.78,135168.62,134916.36,135157.66,0.0,0.0,0.0
2024-09-16 15:00:00,135221.19,135221.19,134973.73,135003.55,0.0,0.0,0.0
2024-09-16 16:00:00,135007.09,135105.56,134924.7,135072.45,0.0,0.0,0.0
2024-09-17 10:00:00,135118.06,135118.06,134180.34,134392.81,0.0,0.0,0.0
2024-09-17 11:00:00,134395.17,134899.11,134357.98,134417.23,0.0,0.0,0.0
2024-09-17 12:00:00,134420.89,134706.53,134420.89,134567.48,0.0,0.0,0.0
2024-09-17 13:00:00,134555.12,134625.34,134343.16,134343.16,0.0,0.0,0.0
2024-09-17 14:00:00,134364.52,134713.67,134309.38,134695.7,0.0,0.0,0.0
2024-09-17 15:00:00,134761.88,134821.55,134667.48,134734.25,0.0,0.0,0.0
2024-09-17 16:00:00,134735.47,134817.78,134643.2,134782.91,0.0,0.0,0.0
2024-09-18 10:00:00,134960.19,134960.19,134197.42,134443.77,0.0,0.0,0.0
2024-09-18 11:00:00,134406.3,134557.81,134001.77,134062.44,0.0,0.0,0.0
2024-09-18 12:00:00,134062.14,134155.77,133847.44,133866.81,0.0,0.0,0.0
2024-09-18 13:00:00,133857.8,134263.88,133846.75,134263.88,0.0,0.0,0.0
2024-09-18 14:00:00,134264.38,134573.02,134116.97,134423.62,0.0,0.0,0.0
2024-09-18 15:00:00,134407.41,135203.31,134381.22,134381.22,0.0,0.0,0.0
2024-09-18 16:00:00,134312.62,134357.61,133762.2,133826.06,0.0,0.0,0.0
2024-09-19 10:00:00,133747.64,134758.77,133747.64,133996.3,0.0,0.0,0.0
2024-09-19 11:00:00,134014.44,134167.2,133425.0,133703.64,0.0,0.0,0.0
2024-09-19 12:00:00,133730.41,133888.58,133636.25,133745.34,0.0,0.0,0.0
2024-09-19 13:00:00,133761.09,133960.36,133703.98,133912.7,0.0,0.0,0.0
2024-09-19 14:00:00,133915.81,133932.44,133324.62,133433.86,0.0,0.0,0.0
2024-09-19 15:00:00,133437.3,133613.23,133201.06,133421.19,0.0,0.0,0.0
2024-09-19 16:00:00,133430.34,133466.86,133174.91,133294.89,0.0,0.0,0.0
2024-09-20 10:00:00,133120.88,133128.36,132275.89,132325.47,0.0,0.0,0.0
2024-09-20 11:00:00,132372.11,132372.11,131722.16,131722.16,0.0,0.0,0.0
2024-09-20 12:00:00,131753.77,131818.69,131543.97,131643.56,0.0,0.0,0.0
2024-09-20 13:00:00,131644.89,131672.91,131297.66,131303.78,0.0,0.0,0.0
2024-09-20 14:00:00,131290.69,131381.19,131001.12,131061.5,0.0,0.0,0.0
2024-09-20 15:00:00,131053.12,131160.53,130907.42,131062.97,0.0,0.0,0.0
2024-09-20 16:00:00,131064.62,131261.81,130992.31,131123.94,0.0,0.0,0.0
2024-09-23 10:00:00,131065.44,131065.44,130195.65,130412.86,0.0,0.0,0.0
2024-09-23 11:00:00,130436.67,130786.43,130099.62,130697.22,0.0,0.0,0.0
2024-09-23 12:00:00,130631.32,130847.8,130575.14,130745.93,0.0,0.0,0.0
2024-09-23 13:00:00,130748.05,130748.05,130460.18,130608.52,0.0,0.0,0.0
2024-09-23 14:00:00,130597.68,130759.13,130469.0,130713.72,0.0,0.0,0.0
2024-09-23 15:00:00,130671.55,130705.82,130411.82,130439.77,0.0,0.0,0.0
2024-09-23 16:00:00,130425.72,130688.46,130408.82,130676.19,0.0,0.0,0.0
2024-09-24 10:00:00,130569.95,133011.95,130569.95,132707.45,0.0,0.0,0.0
2024-09-24 11:00:00,132733.89,132733.89,131911.44,131931.38,0.0,0.0,0.0
2024-09-24 12:00:00,131901.05,132146.7,131620.86,132100.48,0.0,0.0,0.0
2024-09-24 13:00:00,132103.84,132422.44,132050.48,132365.17,0.0,0.0,0.0
2024-09-24 14:00:00,132339.3,132357.8,132113.48,132208.45,0.0,0.0,0.0
2024-09-24 15:00:00,132216.55,132458.02,132188.27,132427.2,0.0,0.0,0.0
2024-09-24 16:00:00,132448.59,132448.59,132107.48,132142.23,0.0,0.0,0.0
2024-09-25 10:00:00,132155.77,132981.78,132155.67,132256.73,0.0,0.0,0.0
2024-09-25 11:00:00,132288.17,132451.41,131953.27,132158.12,0.0,0.0,0.0
2024-09-25 12:00:00,132148.48,132271.22,131598.38,131776.0,0.0,0.0,0.0
2024-09-25 13:00:00,131748.41,132141.78,131724.94,131805.27,0.0,0.0,0.0
2024-09-25 14:00:00,131792.41,131792.41,131489.09,131651.23,0.0,0.0,0.0
2024-09-25 15:00:00,131603.7,131730.45,131532.92,131654.47,0.0,0.0,0.0
2024-09-25 16:00:00,131669.31,131726.59,131562.2,131596.84,0.0,0.0,0.0
2024-09-26 10:00:00,131595.05,133095.48,131593.5,132562.55,0.0,0.0,0.0
2024-09-26 11:00:00,132622.38,132634.2,132096.83,132096.83,0.0,0.0,0.0
2024-09-26 12:00:00,132085.05,132595.0,132085.05,132464.08,0.0,0.0,0.0
2024-09-26 13:00:00,132453.27,132911.98,132396.09,132792.11,0.0,0.0,0.0
2024-09-26 14:00:00,132786.3,133114.66,132754.69,133114.66,0.0,0.0,0.0
2024-09-26 15:00:00,133117.08,133312.77,133010.52,133144.44,0.0,0.0,0.0
2024-09-26 16:00:00,133149.56,133207.25,132840.56,132933.17,0.0,0.0,0.0
2024-09-27 10:00:00,133009.78,133548.44,132842.23,133460.44,0.0,0.0,0.0
2024-09-27 11:00:00,133480.48,133923.09,133305.06,133685.98,0.0,0.0,0.0
2024-09-27 12:00:00,133628.44,133743.48,133112.02,133112.02,0.0,0.0,0.0
2024-09-27 13:00:00,133135.98,133320.2,133068.95,133101.7,0.0,0.0,0.0
2024-09-27 14:00:00,133071.62,133137.23,132755.12,133076.05,0.0,0.0,0.0
2024-09-27 15:00:00,133084.58,133196.59,132756.56,132810.06,0.0,0.0,0.0
2024-09-27 16:00:00,132775.64,132955.3,132628.31,132920.03,0.0,0.0,0.0
2024-09-30 10:00:00,132761.2,133119.8,132509.3,132572.73,0.0,0.0,0.0
2024-09-30 11:00:00,132545.8,132928.77,132408.16,132876.73,0.0,0.0,0.0
2024-09-30 12:00:00,132870.95,133095.81,132333.88,132341.48,0.0,0.0,0.0
2024-09-30 13:00:00,132349.94,132524.28,132310.22,132310.22,0.0,0.0,0.0
2024-09-30 14:00:00,132308.67,132482.23,132291.38,132465.78,0.0,0.0,0.0
2024-09-30 15:00:00,132423.38,132513.16,131932.12,132191.14,0.0,0.0,0.0
2024-09-30 16:00:00,132194.44,132217.77,132055.98,132168.55,0.0,0.0,0.0
2024-10-01 10:00:00,131816.56,132692.23,131816.56,132483.94,0.0,0.0,0.0
2024-10-01 11:00:00,132457.14,133147.92,132457.14,133059.23,0.0,0.0,0.0
2024-10-01 12:00:00,133094.06,133349.83,132758.72,133227.06,0.0,0.0,0.0
2024-10-01 13:00:00,133212.45,133405.48,133087.45,133353.12,0.0,0.0,0.0
2024-10-01 14:00:00,133362.34,133362.34,132531.31,133010.78,0.0,0.0,0.0
2024-10-01 15:00:00,133008.92,133164.67,132850.52,132958.94,0.0,0.0,0.0
2024-10-01 16:00:00,132959.52,132959.52,132599.12,132624.77,0.0,0.0,0.0
2024-10-02 10:00:00,132495.16,134894.19,132495.16,134514.45,0.0,0.0,0.0
2024-10-02 11:00:00,134476.86,134921.66,134063.06,134064.69,0.0,0.0,0.0
2024-10-02 12:00:00,134149.55,134325.86,133879.89,134312.92,0.0,0.0,0.0
2024-10-02 13:00:00,134328.28,134434.52,134084.52,134130.92,0.0,0.0,0.0
2024-10-02 14:00:00,134132.03,134212.27,133956.73,134187.98,0.0,0.0,0.0
2024-10-02 15:00:00,134183.77,134183.77,133348.2,133465.12,0.0,0.0,0.0
2024-10-02 16:00:00,133468.28,133624.38,133419.47,133476.78,0.0,0.0,0.0
2024-10-03 10:00:00,133513.8,133513.8,131549.3,131907.95,0.0,0.0,0.0
2024-10-03 11:00:00,131886.3,131890.67,131176.48,131206.27,0.0,0.0,0.0
2024-10-03 12:00:00,131202.98,131533.23,131202.98,131372.52,0.0,0.0,0.0
2024-10-03 13:00:00,131357.06,131598.77,131222.88,131333.48,0.0,0.0,0.0
2024-10-03 14:00:00,131366.56,131515.56,131241.19,131515.56,0.0,0.0,0.0
2024-10-03 15:00:00,131512.44,131923.05,131369.55,131693.91,0.0,0.0,0.0
2024-10-03 16:00:00,131685.47,131722.48,131553.16,131581.0,0.0,0.0,0.0
2024-10-04 10:00:00,131671.52,131812.7,131156.34,131641.34,0.0,0.0,0.0
2024-10-04 11:00:00,131655.94,131935.97,131436.8,131622.28,0.0,0.0,0.0
2024-10-04 12:00:00,131622.69,131738.56,131362.27,131634.34,0.0,0.0,0.0
2024-10-04 13:00:00,131625.53,131734.58,131584.53,131732.38,0.0,0.0,0.0
2024-10-04 14:00:00,131733.31,131874.12,131531.14,131629.8,0.0,0.0,0.0
2024-10-04 15:00:00,131624.94,131914.44,131601.95,131889.3,0.0,0.0,0.0
2024-10-04 16:00:00,131898.06,131928.94,131721.12,131921.44,0.0,0.0,0.0
2024-10-07 10:00:00,131792.3,132643.61,131701.09,132467.94,0.0,0.0,0.0
2024-10-07 11:00:00,132476.44,132942.56,132439.48,132439.48,0.0,0.0,0.0
2024-10-07 12:00:00,132317.5,132351.09,131925.06,132060.02,0.0,0.0,0.0
2024-10-07 13:00:00,132031.84,132146.2,131875.11,132056.33,0.0,0.0,0.0
2024-10-07 14:00:00,132052.09,132285.48,132011.69,132237.98,0.0,0.0,0.0
2024-10-07 15:00:00,132233.23,132282.45,131676.47,131861.11,0.0,0.0,0.0
2024-10-07 16:00:00,131830.91,132023.14,131762.02,131976.75,0.0,0.0,0.0
2024-10-08 10:00:00,132015.8,132015.8,130370.77,131292.69,0.0,0.0,0.0
2024-10-08 11:00:00,131276.12,131293.48,130801.78,131213.7,0.0,0.0,0.0
2024-10-08 12:00:00,131236.31,131455.3,131131.12,131455.3,0.0,0.0,0.0
2024-10-08 13:00:00,131426.53,131662.12,131359.09,131438.59,0.0,0.0,0.0
2024-10-08 14:00:00,131462.45,131550.41,131236.11,131522.41,0.0,0.0,0.0
2024-10-08 15:00:00,131533.81,131692.73,131437.05,131442.44,0.0,0.0,0.0
2024-10-08 16:00:00,131431.33,131550.91,131230.48,131550.91,0.0,0.0,0.0
2024-10-09 10:00:00,131510.12,131519.73,130107.07,130488.58,0.0,0.0,0.0
2024-10-09 11:00:00,130460.95,130460.95,129954.61,130419.88,0.0,0.0,0.0
2024-10-09 12:00:00,130421.2,130547.17,130001.08,130018.28,0.0,0.0,0.0
2024-10-09 13:00:00,130043.25,130214.73,129718.95,129828.62,0.0,0.0,0.0
2024-10-09 14:00:00,129788.52,129892.21,129724.55,129860.55,0.0,0.0,0.0
2024-10-09 15:00:00,129855.13,129913.56,129722.2,129766.69,0.0,0.0,0.0
2024-10-09 16:00:00,129786.49,130042.88,129776.63,130020.52,0.0,0.0,0.0
2024-10-10 10:00:00,129962.75,130306.28,129835.42,130112.92,0.0,0.0,0.0
2024-10-10 11:00:00,130110.24,130365.33,130110.24,130255.67,0.0,0.0,0.0
2024-10-10 12:00:00,130271.05,130417.83,130176.32,130197.34,0.0,0.0,0.0
2024-10-10 13:00:00,130173.61,130308.59,130084.46,130084.46,0.0,0.0,0.0
2024-10-10 14:00:00,130090.26,130340.64,129843.0,130340.64,0.0,0.0,0.0
2024-10-10 15:00:00,130340.73,130418.47,130186.43,130343.64,0.0,0.0,0.0
2024-10-10 16:00:00,130341.11,130393.19,130275.01,130358.22,0.0,0.0,0.0
2024-10-11 10:00:00,130353.99,130353.99,129337.68,129452.74,0.0,0.0,0.0
2024-10-11 11:00:00,129434.7,130004.4,129379.43,129853.38,0.0,0.0,0.0
2024-10-11 12:00:00,129827.65,130096.87,129629.88,129629.88,0.0,0.0,0.0
2024-10-11 13:00:00,129638.41,129662.27,129460.15,129662.27,0.0,0.0,0.0
2024-10-11 14:00:00,129672.4,129934.99,129672.4,129871.64,0.0,0.0,0.0
2024-10-11 15:00:00,129872.98,129991.38,129785.39,129938.34,0.0,0.0,0.0
2024-10-11 16:00:00,129927.39,130066.95,129888.67,130006.52,0.0,0.0,0.0
2024-10-14 10:00:00,129991.69,130392.99,129760.97,130040.31,0.0,0.0,0.0
2024-10-14 11:00:00,129969.71,130441.06,129728.8,130363.41,0.0,0.0,0.0
2024-10-14 12:00:00,130393.6,130425.88,129778.98,130395.45,0.0,0.0,0.0
2024-10-14 13:00:00,130434.64,130801.34,130391.23,130794.98,0.0,0.0,0.0
2024-10-14 14:00:00,130792.77,131120.45,130654.23,131040.23,0.0,0.0,0.0
2024-10-14 15:00:00,131031.79,131219.61,130967.95,131132.02,0.0,0.0,0.0
2024-10-14 16:00:00,131117.69,131164.19,131007.75,131135.67,0.0,0.0,0.0
2024-10-15 10:00:00,131005.25,131456.52,130199.82,130391.55,0.0,0.0,0.0
2024-10-15 11:00:00,130380.37,131054.98,130294.76,130923.77,0.0,0.0,0.0
2024-10-15 12:00:00,130908.17,131028.16,130561.91,130583.67,0.0,0.0,0.0
2024-10-15 13:00:00,130587.55,130805.87,130504.07,130805.87,0.0,0.0,0.0
2024-10-15 14:00:00,130818.66,130929.71,130614.2,130883.84,0.0,0.0,0.0
2024-10-15 15:00:00,130882.86,130923.51,130734.66,130884.87,0.0,0.0,0.0
2024-10-15 16:00:00,130875.97,130886.04,130716.91,130762.13,0.0,0.0,0.0
2024-10-16 10:00:00,131044.57,131328.91,130799.44,130885.65,0.0,0.0,0.0
2024-10-16 11:00:00,130904.34,131476.34,130780.18,131476.34,0.0,0.0,0.0
2024-10-16 12:00:00,131500.48,131516.98,131229.73,131418.69,0.0,0.0,0.0
2024-10-16 13:00:00,131406.89,131768.59,131406.09,131668.59,0.0,0.0,0.0
2024-10-16 14:00:00,131693.17,132232.66,131693.17,132074.95,0.0,0.0,0.0
2024-10-16 15:00:00,132065.42,132119.98,131711.41,131730.16,0.0,0.0,0.0
2024-10-16 16:00:00,131724.45,131755.41,131602.59,131668.31,0.0,0.0,0.0
2024-10-17 10:00:00,131715.84,131715.84,129901.94,130427.6,0.0,0.0,0.0
2024-10-17 11:00:00,130446.12,130703.46,130391.21,130623.61,0.0,0.0,0.0
2024-10-17 12:00:00,130636.76,130806.12,130479.08,130490.09,0.0,0.0,0.0
2024-10-17 13:00:00,130492.93,130688.57,130348.32,130675.12,0.0,0.0,0.0
2024-10-17 14:00:00,130675.36,130853.95,130572.95,130816.78,0.0,0.0,0.0
2024-10-17 15:00:00,130808.7,130871.03,130731.46,130767.63,0.0,0.0,0.0
2024-10-17 16:00:00,130750.78,130883.01,130750.78,130853.73,0.0,0.0,0.0
2024-10-18 10:00:00,130793.49,131724.66,130350.23,130350.23,0.0,0.0,0.0
2024-10-18 11:00:00,130405.49,130775.76,130121.08,130575.33,0.0,0.0,0.0
2024-10-18 12:00:00,130527.47,130537.12,130173.2,130309.15,0.0,0.0,0.0
2024-10-18 13:00:00,130314.3,130496.48,130255.22,130343.32,0.0,0.0,0.0
2024-10-18 14:00:00,130367.67,130447.39,130175.72,130222.23,0.0,0.0,0.0
2024-10-18 15:00:00,130211.27,130467.33,130172.55,130467.33,0.0,0.0,0.0
2024-10-18 16:00:00,130452.47,130530.27,130331.99,130495.63,0.0,0.0,0.0
2024-10-21 10:00:00,130499.15,131123.53,130488.01,130680.59,0.0,0.0,0.0
2024-10-21 11:00:00,130693.92,130832.61,130184.17,130501.33,0.0,0.0,0.0
2024-10-21 12:00:00,130451.52,130524.36,130156.63,130474.81,0.0,0.0,0.0
2024-10-21 13:00:00,130474.08,130684.35,130298.36,130661.58,0.0,0.0,0.0
2024-10-21 14:00:00,130648.43,130659.02,130314.13,130325.42,0.0,0.0,0.0
2024-10-21 15:00:00,130338.85,130474.09,130213.73,130279.35,0.0,0.0,0.0
2024-10-21 16:00:00,130300.41,130460.0,130300.41,130340.73,0.0,0.0,0.0
2024-10-22 10:00:00,130345.51,130345.51,129221.4,129324.31,0.0,0.0,0.0
2024-10-22 11:00:00,129283.99,129678.9,129094.35,129445.43,0.0,0.0,0.0
2024-10-22 12:00:00,129470.64,129654.73,129143.64,129614.05,0.0,0.0,0.0
2024-10-22 13:00:00,129639.21,129919.03,129607.04,129675.13,0.0,0.0,0.0
2024-10-22 14:00:00,129673.23,129734.14,129353.95,129660.15,0.0,0.0,0.0
2024-10-22 15:00:00,129649.08,129958.95,129489.38,129930.84,0.0,0.0,0.0
2024-10-22 16:00:00,129914.08,130137.07,129910.62,130110.38,0.0,0.0,0.0
2024-10-23 10:00:00,129949.2,129949.2,129029.38,129357.62,0.0,0.0,0.0
2024-10-23 11:00:00,129354.07,129359.3,128589.13,128826.81,0.0,0.0,0.0
2024-10-23 12:00:00,128847.17,129203.68,128717.05,129203.68,0.0,0.0,0.0
2024-10-23 13:00:00,129205.23,129240.13,128842.72,129043.95,0.0,0.0,0.0
2024-10-23 14:00:00,129049.83,129256.87,128969.24,129168.7,0.0,0.0,0.0
2024-10-23 15:00:00,129154.73,129154.73,128929.85,129078.19,0.0,0.0,0.0
2024-10-23 16:00:00,129084.26,129226.22,129049.58,129119.25,0.0,0.0,0.0
2024-10-24 10:00:00,129233.11,129264.24,128798.26,129165.68,0.0,0.0,0.0
2024-10-24 11:00:00,129145.98,129448.26,128859.07,129448.26,0.0,0.0,0.0
2024-10-24 12:00:00,129439.78,129593.27,129246.5,129246.5,0.0,0.0,0.0
2024-10-24 13:00:00,129208.65,129248.99,128917.49,129215.59,0.0,0.0,0.0
2024-10-24 14:00:00,129225.61,129965.71,129212.04,129640.77,0.0,0.0,0.0
2024-10-24 15:00:00,129631.49,129757.88,129551.64,129669.02,0.0,0.0,0.0
2024-10-24 16:00:00,129629.3,130129.98,129626.34,130027.53,0.0,0.0,0.0
2024-10-25 10:00:00,130066.95,130405.31,129970.01,130126.47,0.0,0.0,0.0
2024-10-25 11:00:00,130118.36,130529.22,130109.58,130378.39,0.0,0.0,0.0
2024-10-25 12:00:00,130386.06,130417.71,129893.56,129917.39,0.0,0.0,0.0
2024-10-25 13:00:00,129959.43,130412.06,129824.03,130231.18,0.0,0.0,0.0
2024-10-25 14:00:00,130223.64,130264.86,129834.13,129861.27,0.0,0.0,0.0
2024-10-25 15:00:00,129805.95,130095.33,129805.95,130095.33,0.0,0.0,0.0
2024-10-25 16:00:00,130066.41,130086.46,129890.05,129955.51,0.0,0.0,0.0
2024-10-28 10:00:00,129893.71,131171.16,129893.71,131066.33,0.0,0.0,0.0
2024-10-28 11:00:00,131102.7,131170.06,130865.65,131143.2,0.0,0.0,0.0
2024-10-28 12:00:00,131128.8,131323.23,131087.95,131179.8,0.0,0.0,0.0
2024-10-28 13:00:00,131188.81,131268.59,131105.56,131153.38,0.0,0.0,0.0
2024-10-28 14:00:00,131146.12,131412.31,131104.06,131401.55,0.0,0.0,0.0
2024-10-28 15:00:00,131420.56,131420.56,131195.23,131249.98,0.0,0.0,0.0
2024-10-28 16:00:00,131240.58,131306.86,131195.38,131259.88,0.0,0.0,0.0
2024-10-29 10:00:00,131214.17,131764.7,131214.17,131332.53,0.0,0.0,0.0
2024-10-29 11:00:00,131356.62,131475.16,131235.31,131322.8,0.0,0.0,0.0
2024-10-29 12:00:00,131317.91,131488.98,131103.97,131138.94,0.0,0.0,0.0
2024-10-29 13:00:00,131166.19,131259.22,130999.93,131037.71,0.0,0.0,0.0
2024-10-29 14:00:00,131040.64,131110.38,130713.8,130796.83,0.0,0.0,0.0
2024-10-29 15:00:00,130782.55,131029.43,130747.91,130784.01,0.0,0.0,0.0
2024-10-29 16:00:00,130792.48,130816.04,130693.36,130793.9,0.0,0.0,0.0
2024-10-30 10:00:00,130729.93,131026.92,130640.72,131021.0,0.0,0.0,0.0
2024-10-30 11:00:00,130980.83,130980.95,130472.6,130698.73,0.0,0.0,0.0
2024-10-30 12:00:00,130715.81,131013.66,130660.27,130829.97,0.0,0.0,0.0
2024-10-30 13:00:00,130827.79,130828.28,130659.72,130703.4,0.0,0.0,0.0
2024-10-30 14:00:00,130709.81,130792.14,130634.19,130703.99,0.0,0.0,0.0
2024-10-30 15:00:00,130703.52,130836.02,130677.5,130703.28,0.0,0.0,0.0
2024-10-30 16:00:00,130717.59,130729.37,130550.99,130670.21,0.0,0.0,0.0
2024-10-31 10:00:00,130638.94,130797.86,130019.42,130444.81,0.0,0.0,0.0
2024-10-31 11:00:00,130397.32,130696.58,130182.92,130182.92,0.0,0.0,0.0
2024-10-31 12:00:00,130163.12,130298.16,129981.01,130069.34,0.0,0.0,0.0
2024-10-31 13:00:00,130079.09,130166.43,130001.46,130059.32,0.0,0.0,0.0
2024-10-31 14:00:00,130051.81,130117.25,129765.62,129840.28,0.0,0.0,0.0
2024-10-31 15:00:00,129845.62,129947.2,129740.28,129877.92,0.0,0.0,0.0
2024-10-31 16:00:00,129884.35,129908.57,129641.78,129735.41,0.0,0.0,0.0
2024-11-01 10:00:00,129718.01,129902.2,129125.35,129423.32,0.0,0.0,0.0
2024-11-01 11:00:00,129403.92,129440.5,128790.24,129050.55,0.0,0.0,0.0
2024-11-01 12:00:00,129030.97,129030.97,128744.99,128876.52,0.0,0.0,0.0
2024-11-01 13:00:00,128927.22,128937.87,128774.46,128787.12,0.0,0.0,0.0
2024-11-01 14:00:00,128788.12,128788.12,128426.71,128448.32,0.0,0.0,0.0
2024-11-01 15:00:00,128440.35,128518.91,128250.7,128369.4,0.0,0.0,0.0
2024-11-01 16:00:00,128359.94,128378.46,128069.79,128123.12,0.0,0.0,0.0
2024-11-04 10:00:00,128129.6,129650.71,128128.13,129650.71,0.0,0.0,0.0
2024-11-04 11:00:00,129619.86,130120.64,129608.64,130038.74,0.0,0.0,0.0
2024-11-04 12:00:00,130063.81,130608.79,130048.03,130571.52,0.0,0.0,0.0
2024-11-04 13:00:00,130564.85,130589.07,130177.46,130213.34,0.0,0.0,0.0
2024-11-04 14:00:00,130180.17,130334.11,130001.77,130140.04,0.0,0.0,0.0
2024-11-04 15:00:00,130130.74,130210.68,129998.18,130181.28,0.0,0.0,0.0
2024-11-04 16:00:00,130188.14,130320.26,130138.89,130150.49,0.0,0.0,0.0
2024-11-05 10:00:00,130514.79,130541.62,130132.86,130182.39,0.0,0.0,0.0
2024-11-05 11:00:00,130197.65,130451.45,129835.97,129940.84,0.0,0.0,0.0
2024-11-05 12:00:00,129937.87,130027.05,129692.26,129955.67,0.0,0.0,0.0
2024-11-05 13:00:00,129956.6,130223.65,129934.27,130194.12,0.0,0.0,0.0
2024-11-05 14:00:00,130189.6,130561.28,130162.16,130397.82,0.0,0.0,0.0
2024-11-05 15:00:00,130398.33,130588.64,130384.37,130548.04,0.0,0.0,0.0
2024-11-05 16:00:00,130543.72,130768.59,130417.22,130553.4,0.0,0.0,0.0
2024-11-06 10:00:00,130613.17,130613.17,128849.46,129482.17,0.0,0.0,0.0
2024-11-06 11:00:00,129527.43,129634.26,128822.16,129091.82,0.0,0.0,0.0
2024-11-06 12:00:00,129096.1,129988.22,129074.91,129904.98,0.0,0.0,0.0
2024-11-06 13:00:00,129912.19,129952.62,129325.04,129790.25,0.0,0.0,0.0
2024-11-06 14:00:00,129766.17,130314.77,129726.26,130276.93,0.0,0.0,0.0
2024-11-06 15:00:00,130261.1,130669.69,130261.1,130321.42,0.0,0.0,0.0
2024-11-06 16:00:00,130305.71,130437.6,130270.23,130385.33,0.0,0.0,0.0
2024-11-07 10:00:00,130341.42,131234.73,130269.22,131213.45,0.0,0.0,0.0
2024-11-07 11:00:00,131231.66,131319.41,130653.76,130653.76,0.0,0.0,0.0
2024-11-07 12:00:00,130642.45,130771.54,130267.41,130359.37,0.0,0.0,0.0
2024-11-07 13:00:00,130308.73,130308.73,129963.38,130072.51,0.0,0.0,0.0
2024-11-07 14:00:00,130056.07,130150.14,129406.39,129523.4,0.0,0.0,0.0
2024-11-07 15:00:00,129519.72,129827.32,129476.08,129647.17,0.0,0.0,0.0
2024-11-07 16:00:00,129647.81,129860.37,129447.58,129658.29,0.0,0.0,0.0
2024-11-08 10:00:00,129647.44,129647.44,127518.7,128145.63,0.0,0.0,0.0
2024-11-08 11:00:00,128128.57,128300.95,127665.86,127715.23,0.0,0.0,0.0
2024-11-08 12:00:00,127723.6,127816.03,127347.73,127463.57,0.0,0.0,0.0
2024-11-08 13:00:00,127481.6,127548.5,127088.7,127101.84,0.0,0.0,0.0
2024-11-08 14:00:00,127050.27,127323.07,126972.83,127285.56,0.0,0.0,0.0
2024-11-08 15:00:00,127299.22,127567.81,127207.17,127567.81,0.0,0.0,0.0
2024-11-08 16:00:00,127562.72,127974.85,127510.28,127971.73,0.0,0.0,0.0
2024-11-11 10:00:00,127829.49,127829.49,127306.45,127684.04,0.0,0.0,0.0
2024-11-11 11:00:00,127625.84,127679.44,127370.45,127370.45,0.0,0.0,0.0
2024-11-11 12:00:00,127363.74,127756.81,127363.74,127658.01,0.0,0.0,0.0
2024-11-11 13:00:00,127684.89,127886.77,127616.02,127886.77,0.0,0.0,0.0
2024-11-11 14:00:00,127875.63,127993.61,127707.62,127869.23,0.0,0.0,0.0
2024-11-11 15:00:00,127874.37,128095.17,127749.04,127846.14,0.0,0.0,0.0
2024-11-11 16:00:00,127832.61,127979.52,127727.2,127915.39,0.0,0.0,0.0
2024-11-12 10:00:00,127873.04,128209.92,127420.88,127503.17,0.0,0.0,0.0
2024-11-12 11:00:00,127411.39,128042.4,127411.34,127798.18,0.0,0.0,0.0
2024-11-12 12:00:00,127844.86,128017.81,127808.23,127893.35,0.0,0.0,0.0
2024-11-12 13:00:00,127897.01,128083.79,127700.39,127775.64,0.0,0.0,0.0
2024-11-12 14:00:00,127761.29,127761.29,127433.91,127473.84,0.0,0.0,0.0
2024-11-12 15:00:00,127486.45,127822.33,127475.71,127727.61,0.0,0.0,0.0
2024-11-12 16:00:00,127695.52,127783.97,127585.16,127655.87,0.0,0.0,0.0
2024-11-13 10:00:00,127698.32,127976.39,127339.59,127644.75,0.0,0.0,0.0
2024-11-13 11:00:00,127658.03,127819.07,126990.68,127095.09,0.0,0.0,0.0
2024-11-13 12:00:00,127116.56,127209.41,126869.37,127093.75,0.0,0.0,0.0
2024-11-13 13:00:00,127090.91,127195.98,126919.19,126985.29,0.0,0.0,0.0
2024-11-13 14:00:00,126978.4,127371.72,126965.85,127224.9,0.0,0.0,0.0
2024-11-13 15:00:00,127240.77,127355.55,127043.71,127065.33,0.0,0.0,0.0
2024-11-13 16:00:00,127053.38,128032.55,127053.38,128032.55,0.0,0.0,0.0
2024-11-14 10:00:00,127733.99,127974.91,127388.86,127974.91,0.0,0.0,0.0
2024-11-14 11:00:00,128012.86,128423.48,127935.73,128166.23,0.0,0.0,0.0
2024-11-14 12:00:00,128138.12,128297.83,127922.02,127968.23,0.0,0.0,0.0
2024-11-14 13:00:00,127949.18,128207.78,127949.18,128123.8,0.0,0.0,0.0
2024-11-14 14:00:00,128132.37,128162.45,127801.07,127981.68,0.0,0.0,0.0
2024-11-14 15:00:00,127946.34,128024.18,127676.05,127939.9,0.0,0.0,0.0
2024-11-14 16:00:00,127971.09,128120.74,127861.12,127873.18,0.0,0.0,0.0
2024-11-18 10:00:00,127791.09,127825.72,127471.44,127687.09,0.0,0.0,0.0
2024-11-18 11:00:00,127703.98,128277.27,127366.35,127552.47,0.0,0.0,0.0
2024-11-18 12:00:00,127598.2,127598.2,127226.37,127591.7,0.0,0.0,0.0
2024-11-18 13:00:00,127612.68,127646.33,127365.99,127365.99,0.0,0.0,0.0
2024-11-18 14:00:00,127373.51,127915.93,127351.93,127887.01,0.0,0.0,0.0
2024-11-18 15:00:00,127885.32,128007.73,127648.52,127709.89,0.0,0.0,0.0
2024-11-18 16:00:00,127687.0,127871.05,127654.52,127834.43,0.0,0.0,0.0
2024-11-19 10:00:00,127768.19,127958.77,127234.8,127912.81,0.0,0.0,0.0
2024-11-19 11:00:00,127950.37,128357.74,127908.94,128208.88,0.0,0.0,0.0
2024-11-19 12:00:00,128219.53,128462.95,128064.65,128284.97,0.0,0.0,0.0
2024-11-19 13:00:00,128258.29,128542.29,128171.46,128542.29,0.0,0.0,0.0
2024-11-19 14:00:00,128576.89,128579.47,128246.5,128263.32,0.0,0.0,0.0
2024-11-19 15:00:00,128267.5,128308.31,127994.66,128262.02,0.0,0.0,0.0
2024-11-19 16:00:00,128286.08,128312.49,128075.63,128171.19,0.0,0.0,0.0
2024-11-21 10:00:00,128196.63,128196.63,126869.36,127019.1,0.0,0.0,0.0
2024-11-21 11:00:00,126990.24,127222.67,126743.76,126834.88,0.0,0.0,0.0
2024-11-21 12:00:00,126835.07,127060.3,126593.85,126951.97,0.0,0.0,0.0
2024-11-21 13:00:00,126944.34,127010.16,126692.87,126851.36,0.0,0.0,0.0
2024-11-21 14:00:00,126881.05,127478.51,126838.67,127287.29,0.0,0.0,0.0
2024-11-21 15:00:00,127309.69,127493.68,127103.09,127147.83,0.0,0.0,0.0
2024-11-21 16:00:00,127164.16,127364.73,127079.41,127283.95,0.0,0.0,0.0
2024-11-22 10:00:00,126944.33,127996.77,126944.33,127434.89,0.0,0.0,0.0
2024-11-22 11:00:00,127356.49,127783.23,127328.9,127614.37,0.0,0.0,0.0
2024-11-22 12:00:00,127626.85,128383.29,127610.23,128284.13,0.0,0.0,0.0
2024-11-22 13:00:00,128275.7,128610.38,128275.7,128548.77,0.0,0.0,0.0
2024-11-22 14:00:00,128543.1,128549.77,128374.23,128460.07,0.0,0.0,0.0
2024-11-22 15:00:00,128461.84,128644.33,128419.35,128593.28,0.0,0.0,0.0
2024-11-22 16:00:00,128595.73,128700.93,128550.04,128608.22,0.0,0.0,0.0
2024-11-25 10:00:00,129125.34,129494.67,128967.89,129035.73,0.0,0.0,0.0
2024-11-25 11:00:00,129080.42,129271.87,128944.84,129159.37,0.0,0.0,0.0
2024-11-25 12:00:00,129196.04,129288.73,129017.1,129059.6,0.0,0.0,0.0
2024-11-25 13:00:00,129053.83,129131.8,128931.74,129036.5,0.0,0.0,0.0
2024-11-25 14:00:00,129021.04,129172.5,128997.03,129073.38,0.0,0.0,0.0
2024-11-25 15:00:00,129046.28,129217.63,128990.37,129217.63,0.0,0.0,0.0
2024-11-25 16:00:00,129218.37,129355.29,129049.99,129282.9,0.0,0.0,0.0
2024-11-26 10:00:00,129042.62,130015.01,129042.24,129737.07,0.0,0.0,0.0
2024-11-26 11:00:00,129687.06,129796.71,129320.78,129766.22,0.0,0.0,0.0
2024-11-26 12:00:00,129786.18,130166.77,129727.33,130020.42,0.0,0.0,0.0
2024-11-26 13:00:00,130004.67,130068.71,129814.84,129992.91,0.0,0.0,0.0
2024-11-26 14:00:00,129960.18,130118.98,129923.91,130102.5,0.0,0.0,0.0
2024-11-26 15:00:00,130100.68,130171.55,129877.54,130006.69,0.0,0.0,0.0
2024-11-26 16:00:00,129998.82,130360.79,129975.24,130250.95,0.0,0.0,0.0
2024-11-27 10:00:00,129922.69,130282.83,129592.31,129607.51,0.0,0.0,0.0
2024-11-27 11:00:00,129581.25,130029.06,129478.35,129884.25,0.0,0.0,0.0
2024-11-27 12:00:00,129893.85,129893.85,129370.46,129459.82,0.0,0.0,0.0
2024-11-27 13:00:00,129439.06,129474.32,127915.89,127986.58,0.0,0.0,0.0
2024-11-27 14:00:00,128090.99,128341.35,127767.82,128152.96,0.0,0.0,0.0
2024-11-27 15:00:00,128085.18,128262.04,127784.15,127882.5,0.0,0.0,0.0
2024-11-27 16:00:00,127890.37,128260.73,127791.76,128062.62,0.0,0.0,0.0
2024-11-28 10:00:00,127667.4,127667.73,126559.93,126596.49,0.0,0.0,0.0
2024-11-28 11:00:00,126594.76,126670.77,126018.13,126183.45,0.0,0.0,0.0
2024-11-28 12:00:00,126189.85,126311.31,125852.53,125887.2,0.0,0.0,0.0
2024-11-28 13:00:00,125816.04,126005.02,125816.04,125966.13,0.0,0.0,0.0
2024-11-28 14:00:00,125944.11,126200.32,125944.11,125979.95,0.0,0.0,0.0
2024-11-28 15:00:00,125958.21,126059.97,125918.34,125944.66,0.0,0.0,0.0
2024-11-28 16:00:00,125931.85,125953.58,125316.59,125484.94,0.0,0.0,0.0
2024-11-29 10:00:00,124610.5,124848.27,124028.42,124203.99,0.0,0.0,0.0
2024-11-29 11:00:00,124239.69,125108.06,123946.16,124843.51,0.0,0.0,0.0
2024-11-29 12:00:00,124812.74,125469.95,124752.97,125374.64,0.0,0.0,0.0
2024-11-29 13:00:00,125390.89,125544.01,125051.03,125163.57,0.0,0.0,0.0
2024-11-29 14:00:00,125175.23,125257.87,124961.15,124984.28,0.0,0.0,0.0
2024-11-29 15:00:00,125039.85,125057.34,124789.54,124841.18,0.0,0.0,0.0
2024-11-29 16:00:00,124800.11,125222.86,124734.33,125032.48,0.0,0.0,0.0
2024-12-02 10:00:00,125667.63,125780.67,124733.89,125214.13,0.0,0.0,0.0
2024-12-02 11:00:00,125160.7,125483.55,124923.75,125474.01,0.0,0.0,0.0
2024-12-02 12:00:00,125483.11,125641.68,125086.4,125232.7,0.0,0.0,0.0
2024-12-02 13:00:00,125236.02,125551.96,125122.03,125412.24,0.0,0.0,0.0
2024-12-02 14:00:00,125393.78,125901.06,125226.04,125741.27,0.0,0.0,0.0
2024-12-02 15:00:00,125741.07,125835.81,125428.68,125576.23,0.0,0.0,0.0
2024-12-02 16:00:00,125551.28,125652.94,125441.82,125483.41,0.0,0.0,0.0
2024-12-03 10:00:00,125235.46,126417.2,125233.45,125974.59,0.0,0.0,0.0
2024-12-03 11:00:00,126002.2,126077.57,125584.57,125808.78,0.0,0.0,0.0
2024-12-03 12:00:00,125858.86,125887.43,125562.35,125602.68,0.0,0.0,0.0
2024-12-03 13:00:00,125643.97,126027.4,125587.93,125963.3,0.0,0.0,0.0
2024-12-03 14:00:00,125942.26,126097.89,125896.34,125975.66,0.0,0.0,0.0
2024-12-03 15:00:00,125976.04,126200.48,125826.67,126165.44,0.0,0.0,0.0
2024-12-03 16:00:00,126160.71,126209.04,125921.96,125933.54,0.0,0.0,0.0
2024-12-04 10:00:00,126139.09,126440.4,125907.01,126265.46,0.0,0.0,0.0
2024-12-04 11:00:00,126262.38,126718.83,126191.63,126594.98,0.0,0.0,0.0
2024-12-04 12:00:00,126614.83,126637.68,126204.8,126526.4,0.0,0.0,0.0
2024-12-04 13:00:00,126501.33,126719.76,126349.9,126569.35,0.0,0.0,0.0
2024-12-04 14:00:00,126546.61,126581.03,126312.81,126312.81,0.0,0.0,0.0
2024-12-04 15:00:00,126302.44,126345.41,125963.27,126190.78,0.0,0.0,0.0
2024-12-04 16:00:00,126114.01,126185.73,125828.01,125871.11,0.0,0.0,0.0
2024-12-05 10:00:00,126087.78,127712.76,126087.09,127665.54,0.0,0.0,0.0
2024-12-05 11:00:00,127662.2,127989.06,127531.45,127909.8,0.0,0.0,0.0
2024-12-05 12:00:00,127903.47,127984.4,127622.94,127749.14,0.0,0.0,0.0
2024-12-05 13:00:00,127739.25,127884.91,127669.32,127703.93,0.0,0.0,0.0
2024-12-05 14:00:00,127687.49,127731.35,127524.17,127712.84,0.0,0.0,0.0
2024-12-05 15:00:00,127707.83,127972.15,127707.83,127874.86,0.0,0.0,0.0
2024-12-05 16:00:00,127840.81,127887.34,127657.08,127775.73,0.0,0.0,0.0
2024-12-06 10:00:00,127856.01,127871.8,127257.48,127488.19,0.0,0.0,0.0
2024-12-06 11:00:00,127451.35,127451.35,126540.02,126540.02,0.0,0.0,0.0
2024-12-06 12:00:00,126563.89,126563.89,126109.76,126319.53,0.0,0.0,0.0
2024-12-06 13:00:00,126341.77,126394.93,126122.03,126154.52,0.0,0.0,0.0
2024-12-06 14:00:00,126140.58,126189.38,125946.68,125994.95,0.0,0.0,0.0
2024-12-06 15:00:00,126002.16,126079.61,125833.31,125942.87,0.0,0.0,0.0
2024-12-06 16:00:00,125929.42,126186.1,125878.8,126118.99,0.0,0.0,0.0
2024-12-09 10:00:00,125945.89,127291.94,125945.89,127121.85,0.0,0.0,0.0
2024-12-09 11:00:00,127140.1,127529.2,127101.85,127331.82,0.0,0.0,0.0
2024-12-09 12:00:00,127337.47,127541.62,127031.49,127249.44,0.0,0.0,0.0
2024-12-09 13:00:00,127210.52,127294.76,127026.71,127233.86,0.0,0.0,0.0
2024-12-09 14:00:00,127227.81,127453.67,127196.83,127268.06,0.0,0.0,0.0
2024-12-09 15:00:00,127240.67,127343.41,127111.5,127128.24,0.0,0.0,0.0
2024-12-09 16:00:00,127094.47,127305.0,127077.01,127164.13,0.0,0.0,0.0
2024-12-10 10:00:00,127212.63,128510.52,127212.63,128147.93,0.0,0.0,0.0
2024-12-10 11:00:00,128094.12,128506.49,127898.35,128214.08,0.0,0.0,0.0
2024-12-10 12:00:00,128184.87,128318.94,128022.74,128130.82,0.0,0.0,0.0
2024-12-10 13:00:00,128135.12,128135.12,127775.76,127965.81,0.0,0.0,0.0
2024-12-10 14:00:00,127968.58,128085.92,127848.87,128030.68,0.0,0.0,0.0
2024-12-10 15:00:00,128003.83,128047.76,127898.03,127918.82,0.0,0.0,0.0
2024-12-10 16:00:00,127920.65,128221.16,127881.69,128211.0,0.0,0.0,0.0
2024-12-11 10:00:00,128228.49,128789.95,128157.72,128166.52,0.0,0.0,0.0
2024-12-11 11:00:00,128174.16,128409.53,127678.11,127686.04,0.0,0.0,0.0
2024-12-11 12:00:00,127697.1,127781.36,127361.9,127781.36,0.0,0.0,0.0
2024-12-11 13:00:00,127812.18,127916.59,127758.76,127838.94,0.0,0.0,0.0
2024-12-11 14:00:00,127839.72,127912.87,127710.12,127872.87,0.0,0.0,0.0
2024-12-11 15:00:00,127873.44,127887.14,127595.24,127636.82,0.0,0.0,0.0
2024-12-11 16:00:00,127648.02,130898.89,127648.02,129966.28,0.0,0.0,0.0
2024-12-12 10:00:00,129587.08,129587.08,127485.34,127502.0,0.0,0.0,0.0
2024-12-12 11:00:00,127514.06,127514.06,126952.24,127154.85,0.0,0.0,0.0
2024-12-12 12:00:00,127224.5,127224.5,126623.34,126749.18,0.0,0.0,0.0
2024-12-12 13:00:00,126710.24,126952.43,126678.82,126691.48,0.0,0.0,0.0
2024-12-12 14:00:00,126707.06,126707.06,126260.22,126343.59,0.0,0.0,0.0
2024-12-12 15:00:00,126334.24,126431.51,126146.43,126180.01,0.0,0.0,0.0
2024-12-12 16:00:00,126172.69,126309.52,125828.56,126140.16,0.0,0.0,0.0
2024-12-13 10:00:00,126102.26,126290.33,125815.12,125887.44,0.0,0.0,0.0
2024-12-13 11:00:00,125834.83,125982.9,125451.62,125558.34,0.0,0.0,0.0
2024-12-13 12:00:00,125554.75,125620.76,125314.82,125560.48,0.0,0.0,0.0
2024-12-13 13:00:00,125587.53,125817.82,125440.56,125705.71,0.0,0.0,0.0
2024-12-13 14:00:00,125750.63,125802.77,125162.0,125357.1,0.0,0.0,0.0
2024-12-13 15:00:00,125394.71,125452.02,125185.32,125343.06,0.0,0.0,0.0
2024-12-13 16:00:00,125354.57,125363.77,125061.49,125068.75,0.0,0.0,0.0
2024-12-16 10:00:00,124609.81,124955.95,124573.75,124712.29,0.0,0.0,0.0
2024-12-16 11:00:00,124696.92,124706.56,124280.67,124620.85,0.0,0.0,0.0
2024-12-16 12:00:00,124636.6,124666.55,124296.21,124586.68,0.0,0.0,0.0
2024-12-16 13:00:00,124579.19,124751.99,124492.96,124751.99,0.0,0.0,0.0
2024-12-16 14:00:00,124742.81,124809.56,124489.92,124548.91,0.0,0.0,0.0
2024-12-16 15:00:00,124550.47,124657.6,124492.55,124549.99,0.0,0.0,0.0
2024-12-16 16:00:00,124550.34,124556.44,124106.21,124200.25,0.0,0.0,0.0
2024-12-17 10:00:00,123560.06,124457.09,123560.06,124448.68,0.0,0.0,0.0
2024-12-17 11:00:00,124444.4,124493.92,123669.73,123813.61,0.0,0.0,0.0
2024-12-17 12:00:00,123840.08,124327.42,123779.1,124155.4,0.0,0.0,0.0
2024-12-17 13:00:00,124213.5,125216.6,124152.88,124818.66,0.0,0.0,0.0
2024-12-17 14:00:00,124837.95,124887.31,124309.07,124861.48,0.0,0.0,0.0
2024-12-17 15:00:00,124901.09,125301.37,124482.46,124632.47,0.0,0.0,0.0
2024-12-17 16:00:00,124620.28,124901.92,124326.79,124326.79,0.0,0.0,0.0
2024-12-18 10:00:00,124698.5,124698.5,123589.51,123589.51,0.0,0.0,0.0
2024-12-18 11:00:00,123645.15,123808.52,122932.51,122963.35,0.0,0.0,0.0
2024-12-18 12:00:00,122966.24,122966.24,122423.66,122441.54,0.0,0.0,0.0
2024-12-18 13:00:00,122460.9,122631.8,122125.24,122154.43,0.0,0.0,0.0
2024-12-18 14:00:00,122102.81,122281.88,122007.83,122164.82,0.0,0.0,0.0
2024-12-18 15:00:00,122225.02,122513.85,122015.05,122152.87,0.0,0.0,0.0
2024-12-18 16:00:00,122162.21,122162.21,121052.29,121052.29,0.0,0.0,0.0
2024-12-19 10:00:00,120768.22,121619.54,120768.22,121513.14,0.0,0.0,0.0
2024-12-19 11:00:00,121483.29,121754.5,121242.99,121631.46,0.0,0.0,0.0
2024-12-19 12:00:00,121609.64,121609.64,121144.6,121507.78,0.0,0.0,0.0
2024-12-19 13:00:00,121564.02,121769.57,121336.22,121407.98,0.0,0.0,0.0
2024-12-19 14:00:00,121381.67,121665.89,121362.19,121558.37,0.0,0.0,0.0
2024-12-19 15:00:00,121531.1,121564.85,121260.97,121514.71,0.0,0.0,0.0
2024-12-19 16:00:00,121516.3,121550.16,120976.76,121032.41,0.0,0.0,0.0
2024-12-20 10:00:00,121182.96,121197.63,120700.49,120840.81,0.0,0.0,0.0
2024-12-20 11:00:00,120837.23,121418.09,120837.23,121095.51,0.0,0.0,0.0
2024-12-20 12:00:00,121105.52,121455.42,121095.12,121264.86,0.0,0.0,0.0
2024-12-20 13:00:00,121261.84,121261.84,121037.81,121085.14,0.0,0.0,0.0
2024-12-20 14:00:00,121068.61,121583.53,121033.4,121488.1,0.0,0.0,0.0
2024-12-20 15:00:00,121509.48,122177.05,121252.39,122036.61,0.0,0.0,0.0
2024-12-20 16:00:00,121989.47,122209.26,121787.09,121787.09,0.0,0.0,0.0
2024-12-23 10:00:00,122104.68,122104.68,121139.14,121290.62,0.0,0.0,0.0
2024-12-23 11:00:00,121307.95,121469.95,120867.59,120907.45,0.0,0.0,0.0
2024-12-23 12:00:00,120896.3,120985.78,120617.32,120976.78,0.0,0.0,0.0
2024-12-23 13:00:00,120942.57,121126.3,120841.51,121108.13,0.0,0.0,0.0
2024-12-23 14:00:00,121112.73,121122.89,120867.01,121035.0,0.0,0.0,0.0
2024-12-23 15:00:00,121041.81,121218.84,120897.76,121218.84,0.0,0.0,0.0
2024-12-23 16:00:00,121225.82,121253.3,121058.9,121203.56,0.0,0.0,0.0
2024-12-26 10:00:00,120766.57,121106.82,120427.86,120677.36,0.0,0.0,0.0
2024-12-26 11:00:00,120617.06,121168.39,120557.94,121035.84,0.0,0.0,0.0
2024-12-26 12:00:00,121044.55,121224.64,120947.97,121188.03,0.0,0.0,0.0
2024-12-26 13:00:00,121203.37,121611.92,121185.5,121207.94,0.0,0.0,0.0
2024-12-26 14:00:00,121219.24,121346.52,121053.29,121280.02,0.0,0.0,0.0
2024-12-26 15:00:00,121291.32,121494.53,121200.5,121249.08,0.0,0.0,0.0
2024-12-26 16:00:00,121269.25,121269.25,121067.84,121156.84,0.0,0.0,0.0
2024-12-27 10:00:00,121077.6,121609.4,120670.93,120681.9,0.0,0.0,0.0
2024-12-27 11:00:00,120700.37,121264.95,120693.11,121022.65,0.0,0.0,0.0
2024-12-27 12:00:00,120940.53,120994.85,120610.36,120798.86,0.0,0.0,0.0
2024-12-27 13:00:00,120804.46,120936.3,120611.1,120671.25,0.0,0.0,0.0
2024-12-27 14:00:00,120703.89,120733.99,120472.08,120637.51,0.0,0.0,0.0
2024-12-27 15:00:00,120650.19,120774.05,120446.74,120464.99,0.0,0.0,0.0
2024-12-27 16:00:00,120468.11,120514.15,120289.52,120342.31,0.0,0.0,0.0
2024-12-30 10:00:00,120267.05,121049.75,120267.05,120768.49,0.0,0.0,0.0
2024-12-30 11:00:00,120766.79,120942.27,120499.49,120499.49,0.0,0.0,0.0
2024-12-30 12:00:00,120534.31,120881.57,120354.51,120354.51,0.0,0.0,0.0
2024-12-30 13:00:00,120407.8,120501.27,120183.76,120230.21,0.0,0.0,0.0
2024-12-30 14:00:00,120200.19,120361.92,120157.9,120270.45,0.0,0.0,0.0
2024-12-30 15:00:00,120294.24,120425.33,120241.98,120379.18,0.0,0.0,0.0
2024-12-30 16:00:00,120388.87,120454.61,120287.93,120450.79,0.0,0.0,0.0
2025-01-02 10:00:00,120283.4,120401.01,119298.28,119382.36,0.0,0.0,0.0
2025-01-02 11:00:00,119425.03,120045.91,119119.53,119861.47,0.0,0.0,0.0
2025-01-02 12:00:00,119875.62,120630.82,119875.62,120613.78,0.0,0.0,0.0
2025-01-02 13:00:00,120593.25,120781.81,120360.11,120653.08,0.0,0.0,0.0
2025-01-02 14:00:00,120619.51,120677.66,120046.35,120236.78,0.0,0.0,0.0
2025-01-02 15:00:00,120233.49,120358.55,120052.41,120218.08,0.0,0.0,0.0
2025-01-02 16:00:00,120233.29,120289.19,120081.77,120106.76,0.0,0.0,0.0
2025-01-03 10:00:00,120125.39,120355.51,119654.12,119843.55,0.0,0.0,0.0
2025-01-03 11:00:00,119851.55,119855.17,119285.19,119406.16,0.0,0.0,0.0
2025-01-03 12:00:00,119398.86,119400.81,119108.78,119184.85,0.0,0.0,0.0
2025-01-03 13:00:00,119185.58,119185.58,118770.92,118832.97,0.0,0.0,0.0
2025-01-03 14:00:00,118833.29,119001.06,118473.85,118563.84,0.0,0.0,0.0
2025-01-03 15:00:00,118559.39,118711.86,118497.9,118579.33,0.0,0.0,0.0
2025-01-03 16:00:00,118540.46,118699.55,118453.56,118475.07,0.0,0.0,0.0
2025-01-06 10:00:00,118533.98,120058.64,118533.98,119852.06,0.0,0.0,0.0
2025-01-06 11:00:00,119857.5,120232.32,119470.77,120094.16,0.0,0.0,0.0
2025-01-06 12:00:00,120115.17,120322.11,119641.89,119890.78,0.0,0.0,0.0
2025-01-06 13:00:00,119851.79,120146.03,119688.65,120135.42,0.0,0.0,0.0
2025-01-06 14:00:00,120145.02,120254.9,119770.26,119869.38,0.0,0.0,0.0
2025-01-06 15:00:00,119873.86,119876.5,119597.0,119776.8,0.0,0.0,0.0
2025-01-06 16:00:00,119790.63,119893.87,119689.38,119825.75,0.0,0.0,0.0
2025-01-07 10:00:00,120022.23,121066.62,120022.23,121008.33,0.0,0.0,0.0
2025-01-07 11:00:00,121026.5,121315.39,120982.38,121195.21,0.0,0.0,0.0
2025-01-07 12:00:00,121208.04,121713.23,120887.63,121344.69,0.0,0.0,0.0
2025-01-07 13:00:00,121351.06,121551.29,121240.61,121532.84,0.0,0.0,0.0
2025-01-07 14:00:00,121519.17,121576.55,121383.65,121396.73,0.0,0.0,0.0
2025-01-07 15:00:00,121402.53,121558.31,121093.46,121171.59,0.0,0.0,0.0
2025-01-07 16:00:00,121146.29,121257.04,121018.63,121158.19,0.0,0.0,0.0
2025-01-08 10:00:00,121159.79,121160.25,119881.07,119933.39,0.0,0.0,0.0
2025-01-08 11:00:00,119952.43,120124.99,119687.2,119758.23,0.0,0.0,0.0
2025-01-08 12:00:00,119766.36,120025.24,119766.36,119965.26,0.0,0.0,0.0
2025-01-08 13:00:00,119967.27,119995.8,119766.88,119916.45,0.0,0.0,0.0
2025-01-08 14:00:00,119904.98,119904.98,119512.91,119582.47,0.0,0.0,0.0
2025-01-08 15:00:00,119588.49,119700.17,119423.67,119526.31,0.0,0.0,0.0
2025-01-08 16:00:00,119540.3,119621.84,119355.14,119386.17,0.0,0.0,0.0
2025-01-09 10:00:00,119624.75,119911.69,119577.42,119752.14,0.0,0.0,0.0
2025-01-09 11:00:00,119739.23,119883.43,119501.97,119839.25,0.0,0.0,0.0
2025-01-09 12:00:00,119837.72,120085.5,119804.01,120065.62,0.0,0.0,0.0
2025-01-09 13:00:00,120063.16,120063.16,119845.05,120024.58,0.0,0.0,0.0
2025-01-09 14:00:00,120039.03,120145.3,119940.21,120089.91,0.0,0.0,0.0
2025-01-09 15:00:00,120079.1,120079.1,119848.62,119906.29,0.0,0.0,0.0
2025-01-09 16:00:00,119892.71,119892.71,119658.56,119823.47,0.0,0.0,0.0
2025-01-10 10:00:00,119780.79,120052.48,119181.56,119235.83,0.0,0.0,0.0
2025-01-10 11:00:00,119290.41,119392.43,119038.62,119074.18,0.0,0.0,0.0
2025-01-10 12:00:00,119059.3,119059.3,118743.62,118896.99,0.0,0.0,0.0
2025-01-10 13:00:00,118868.63,118982.94,118732.4,118908.05,0.0,0.0,0.0
2025-01-10 14:00:00,118885.86,119246.72,118743.45,119241.45,0.0,0.0,0.0
2025-01-10 15:00:00,119187.03,119288.74,119089.94,119264.93,0.0,0.0,0.0
2025-01-10 16:00:00,119253.73,119260.85,118971.7,118971.7,0.0,0.0,0.0
2025-01-13 10:00:00,118855.73,119168.49,118809.69,118936.61,0.0,0.0,0.0
2025-01-13 11:00:00,118952.91,119542.4,118743.43,119382.38,0.0,0.0,0.0
2025-01-13 12:00:00,119366.68,119681.04,119334.03,119531.06,0.0,0.0,0.0
2025-01-13 13:00:00,119533.93,119729.22,119214.21,119214.21,0.0,0.0,0.0
2025-01-13 14:00:00,119193.42,119211.85,118969.28,119081.18,0.0,0.0,0.0
2025-01-13 15:00:00,119059.54,119101.55,118964.72,119015.66,0.0,0.0,0.0
2025-01-13 16:00:00,119020.96,119084.23,118882.85,119032.09,0.0,0.0,0.0
2025-01-14 10:00:00,119006.6,119439.14,118579.7,119193.08,0.0,0.0,0.0
2025-01-14 11:00:00,119237.93,119237.93,118222.64,118701.3,0.0,0.0,0.0
2025-01-14 12:00:00,118680.22,119274.77,118661.21,119233.12,0.0,0.0,0.0
2025-01-14 13:00:00,119234.4,119278.4,118973.6,119046.02,0.0,0.0,0.0
2025-01-14 14:00:00,119023.38,119154.39,118834.48,118907.18,0.0,0.0,0.0
2025-01-14 15:00:00,118920.42,119095.74,118915.13,119057.48,0.0,0.0,0.0
2025-01-14 16:00:00,119052.94,119451.01,119019.91,119207.42,0.0,0.0,0.0
2025-01-15 10:00:00,119309.24,121064.43,119302.94,120967.75,0.0,0.0,0.0
2025-01-15 11:00:00,120996.58,121027.09,120662.07,120759.32,0.0,0.0,0.0
2025-01-15 12:00:00,120747.43,120857.15,120509.23,120711.01,0.0,0.0,0.0
2025-01-15 13:00:00,120719.64,120998.38,120660.76,120998.38,0.0,0.0,0.0
2025-01-15 14:00:00,121003.15,121101.96,120880.93,121101.96,0.0,0.0,0.0
2025-01-15 15:00:00,121114.59,121475.94,121114.59,121411.9,0.0,0.0,0.0
2025-01-15 16:00:00,121414.67,122126.68,121414.67,122106.35,0.0,0.0,0.0
2025-01-16 10:00:00,122649.42,122659.7,121991.52,122080.83,0.0,0.0,0.0
2025-01-16 11:00:00,122090.91,122210.99,121598.26,121657.63,0.0,0.0,0.0
2025-01-16 12:00:00,121672.11,121732.36,121261.28,121351.55,0.0,0.0,0.0
2025-01-16 13:00:00,121354.05,121379.37,121146.57,121247.76,0.0,0.0,0.0
2025-01-16 14:00:00,121260.07,121340.74,120929.6,121009.54,0.0,0.0,0.0
2025-01-16 15:00:00,121033.78,121065.32,120796.4,120864.47,0.0,0.0,0.0
2025-01-16 16:00:00,120854.41,121014.84,120808.31,120960.69,0.0,0.0,0.0
2025-01-17 10:00:00,121257.87,121552.74,121074.14,121216.98,0.0,0.0,0.0
2025-01-17 11:00:00,121158.9,122133.45,121112.36,122133.45,0.0,0.0,0.0
2025-01-17 12:00:00,122116.27,122464.42,122095.67,122399.64,0.0,0.0,0.0
2025-01-17 13:00:00,122401.14,122674.4,122401.14,122570.21,0.0,0.0,0.0
2025-01-17 14:00:00,122566.37,122654.9,122416.76,122537.51,0.0,0.0,0.0
2025-01-17 15:00:00,122540.92,122564.52,122104.12,122262.11,0.0,0.0,0.0
2025-01-17 16:00:00,122264.99,122336.52,122145.75,122161.68,0.0,0.0,0.0
2025-01-20 10:00:00,122348.99,122349.84,121511.13,122091.58,0.0,0.0,0.0
2025-01-20 11:00:00,122066.56,122990.35,122050.68,122988.44,0.0,0.0,0.0
2025-01-20 12:00:00,122961.46,123098.32,122750.52,122791.24,0.0,0.0,0.0
2025-01-20 13:00:00,122798.29,123020.35,122792.02,122887.61,0.0,0.0,0.0
2025-01-20 14:00:00,122875.09,122955.67,122526.69,122843.55,0.0,0.0,0.0
2025-01-20 15:00:00,122827.57,122864.07,122444.11,122566.32,0.0,0.0,0.0
2025-01-20 16:00:00,122597.44,122726.69,122497.51,122650.39,0.0,0.0,0.0
2025-01-21 10:00:00,122850.41,122878.1,122289.95,122677.91,0.0,0.0,0.0
2025-01-21 11:00:00,122709.23,122745.11,122421.29,122460.59,0.0,0.0,0.0
2025-01-21 12:00:00,122470.42,122966.17,122424.18,122846.57,0.0,0.0,0.0
2025-01-21 13:00:00,122792.2,123067.3,122762.9,122825.84,0.0,0.0,0.0
2025-01-21 14:00:00,122838.11,122960.58,122719.36,122824.57,0.0,0.0,0.0
2025-01-21 15:00:00,122803.94,123169.59,122803.94,123058.93,0.0,0.0,0.0
2025-01-21 16:00:00,123067.53,123221.41,123063.69,123185.54,0.0,0.0,0.0
2025-01-22 10:00:00,123345.08,123865.07,123128.08,123405.73,0.0,0.0,0.0
2025-01-22 11:00:00,123328.66,123630.98,123188.22,123188.22,0.0,0.0,0.0
2025-01-22 12:00:00,123168.35,123371.35,123052.79,123178.29,0.0,0.0,0.0
2025-01-22 13:00:00,123190.0,123381.08,123150.98,123249.48,0.0,0.0,0.0
2025-01-22 14:00:00,123228.99,123538.07,123221.57,123490.56,0.0,0.0,0.0
2025-01-22 15:00:00,123459.8,123571.37,123274.41,123306.23,0.0,0.0,0.0
2025-01-22 16:00:00,123293.39,123445.57,123210.65,123312.51,0.0,0.0,0.0
2025-01-23 10:00:00,122964.79,123958.44,122964.79,123645.71,0.0,0.0,0.0
2025-01-23 11:00:00,123659.53,123788.87,122926.47,123037.08,0.0,0.0,0.0
2025-01-23 12:00:00,123043.21,123100.21,122832.18,122847.49,0.0,0.0,0.0
2025-01-23 13:00:00,122818.15,122903.56,122565.07,122773.29,0.0,0.0,0.0
2025-01-23 14:00:00,122773.43,123083.21,122718.95,123001.33,0.0,0.0,0.0
2025-01-23 15:00:00,122997.8,123007.83,122538.01,122619.2,0.0,0.0,0.0
2025-01-23 16:00:00,122597.39,122600.91,122159.03,122186.74,0.0,0.0,0.0
2025-01-24 10:00:00,122483.32,122908.08,122236.1,122801.99,0.0,0.0,0.0
2025-01-24 11:00:00,122796.71,122823.33,122195.69,122281.35,0.0,0.0,0.0
2025-01-24 12:00:00,122320.61,122649.79,122262.92,122474.88,0.0,0.0,0.0
2025-01-24 13:00:00,122478.17,122671.15,122458.55,122540.11,0.0,0.0,0.0
2025-01-24 14:00:00,122567.67,122626.98,122468.2,122481.31,0.0,0.0,0.0
2025-01-24 15:00:00,122483.48,122554.2,122268.7,122482.04,0.0,0.0,0.0
2025-01-24 16:00:00,122493.03,122538.77,122334.97,122438.93,0.0,0.0,0.0
2025-01-27 10:00:00,122442.79,123784.21,122206.78,123555.99,0.0,0.0,0.0
2025-01-27 11:00:00,123566.61,123959.23,123566.61,123781.8,0.0,0.0,0.0
2025-01-27 12:00:00,123789.61,123922.47,123481.68,123593.45,0.0,0.0,0.0
2025-01-27 13:00:00,123602.74,124094.7,123602.74,124093.64,0.0,0.0,0.0
2025-01-27 14:00:00,124111.35,124456.41,124111.08,124249.43,0.0,0.0,0.0
2025-01-27 15:00:00,124247.25,124631.25,124188.07,124399.7,0.0,0.0,0.0
2025-01-27 16:00:00,124388.92,124622.12,124326.34,124572.06,0.0,0.0,0.0
2025-01-28 10:00:00,124861.27,124880.76,124264.81,124277.48,0.0,0.0,0.0
2025-01-28 11:00:00,124307.15,124586.63,124258.27,124320.01,0.0,0.0,0.0
2025-01-28 12:00:00,124306.71,124448.16,124138.42,124355.27,0.0,0.0,0.0
2025-01-28 13:00:00,124369.7,124403.48,123976.4,124190.05,0.0,0.0,0.0
2025-01-28 14:00:00,124181.08,124280.09,124118.0,124244.6,0.0,0.0,0.0
2025-01-28 15:00:00,124268.54,124359.28,124163.26,124319.23,0.0,0.0,0.0
2025-01-28 16:00:00,124328.86,124407.88,124163.59,124247.71,0.0,0.0,0.0
2025-01-29 10:00:00,124055.5,124766.95,123878.57,123897.26,0.0,0.0,0.0
2025-01-29 11:00:00,123895.45,123999.1,123648.13,123995.84,0.0,0.0,0.0
2025-01-29 12:00:00,123970.88,124227.01,123876.7,124227.01,0.0,0.0,0.0
2025-01-29 13:00:00,124219.08,124279.32,123912.48,123919.99,0.0,0.0,0.0
2025-01-29 14:00:00,123882.16,123995.56,123809.96,123923.02,0.0,0.0,0.0
2025-01-29 15:00:00,123917.72,124005.22,123832.84,123922.82,0.0,0.0,0.0
2025-01-29 16:00:00,123930.91,123930.91,123515.13,123784.53,0.0,0.0,0.0
2025-01-30 10:00:00,123432.74,125370.54,123431.63,124926.11,0.0,0.0,0.0
2025-01-30 11:00:00,124866.41,125744.27,124730.05,125490.42,0.0,0.0,0.0
2025-01-30 12:00:00,125454.71,126142.06,125412.94,126039.75,0.0,0.0,0.0
2025-01-30 13:00:00,126126.91,126360.64,126000.59,126350.45,0.0,0.0,0.0
2025-01-30 14:00:00,126339.05,126740.09,126312.45,126662.97,0.0,0.0,0.0
2025-01-30 15:00:00,126650.97,127152.28,126650.97,126912.41,0.0,0.0,0.0
2025-01-30 16:00:00,126936.18,127027.33,126799.75,126878.8,0.0,0.0,0.0
2025-01-31 10:00:00,126914.17,127321.36,126782.7,127222.03,0.0,0.0,0.0
2025-01-31 11:00:00,127269.23,127531.99,126847.54,127116.78,0.0,0.0,0.0
2025-01-31 12:00:00,127131.77,127273.96,126884.91,127087.64,0.0,0.0,0.0
2025-01-31 13:00:00,127084.01,127337.91,127034.54,127198.78,0.0,0.0,0.0
2025-01-31 14:00:00,127184.58,127243.57,126969.01,127112.22,0.0,0.0,0.0
2025-01-31 15:00:00,127106.37,127122.17,126530.19,126541.07,0.0,0.0,0.0
2025-01-31 16:00:00,126561.08,126634.51,126279.26,126394.59,0.0,0.0,0.0
2025-02-03 10:00:00,126134.94,126134.94,125566.4,125795.0,0.0,0.0,0.0
2025-02-03 11:00:00,125763.23,126110.07,125685.35,125860.45,0.0,0.0,0.0
2025-02-03 12:00:00,125837.13,126473.23,125689.54,126377.76,0.0,0.0,0.0
2025-02-03 13:00:00,126386.71,126458.87,125953.96,125991.97,0.0,0.0,0.0
2025-02-03 14:00:00,125983.24,126101.43,125782.43,125858.19,0.0,0.0,0.0
2025-02-03 15:00:00,125904.98,126033.92,125680.54,125680.54,0.0,0.0,0.0
2025-02-03 16:00:00,125682.55,126009.83,125682.55,125969.35,0.0,0.0,0.0
2025-02-04 10:00:00,125964.36,125964.36,124721.29,124859.15,0.0,0.0,0.0
2025-02-04 11:00:00,124842.14,125413.19,124694.19,125334.43,0.0,0.0,0.0
2025-02-04 12:00:00,125359.48,125812.42,125309.52,125523.31,0.0,0.0,0.0
2025-02-04 13:00:00,125512.93,125740.08,125268.81,125612.28,0.0,0.0,0.0
2025-02-04 14:00:00,125594.97,125652.17,125268.27,125521.7,0.0,0.0,0.0
2025-02-04 15:00:00,125532.21,125637.82,125326.64,125615.37,0.0,0.0,0.0
2025-02-04 16:00:00,125609.68,125613.95,125324.64,125324.64,0.0,0.0,0.0
2025-02-05 10:00:00,125146.15,125545.25,125083.79,125188.97,0.0,0.0,0.0
2025-02-05 11:00:00,125206.58,125221.47,124637.22,125196.8,0.0,0.0,0.0
2025-02-05 12:00:00,125208.7,125846.41,125208.7,125620.77,0.0,0.0,0.0
2025-02-05 13:00:00,125625.29,125625.29,125387.89,125505.16,0.0,0.0,0.0
2025-02-05 14:00:00,125518.98,125576.19,125289.28,125472.08,0.0,0.0,0.0
2025-02-05 15:00:00,125478.58,125581.18,125379.09,125491.59,0.0,0.0,0.0
2025-02-05 16:00:00,125500.93,125692.35,125489.92,125657.65,0.0,0.0,0.0
2025-02-06 10:00:00,125531.06,125621.13,125249.04,125582.68,0.0,0.0,0.0
2025-02-06 11:00:00,125610.51,126243.14,125406.14,125668.78,0.0,0.0,0.0
2025-02-06 12:00:00,125712.57,125844.84,125422.18,125467.75,0.0,0.0,0.0
2025-02-06 13:00:00,125481.78,125819.28,125475.22,125765.67,0.0,0.0,0.0
2025-02-06 14:00:00,125791.85,125926.5,125684.14,125828.52,0.0,0.0,0.0
2025-02-06 15:00:00,125802.91,126256.66,125761.7,126223.56,0.0,0.0,0.0
2025-02-06 16:00:00,126215.43,126398.77,126138.22,126154.39,0.0,0.0,0.0
2025-02-07 10:00:00,126218.71,126524.48,126161.77,126378.48,0.0,0.0,0.0
2025-02-07 11:00:00,126388.47,126403.73,125463.8,125769.66,0.0,0.0,0.0
2025-02-07 12:00:00,125760.65,125760.65,125179.38,125308.83,0.0,0.0,0.0
2025-02-07 13:00:00,125301.43,125301.43,124889.88,124898.15,0.0,0.0,0.0
2025-02-07 14:00:00,124887.01,124944.17,124758.88,124891.15,0.0,0.0,0.0
2025-02-07 15:00:00,124898.15,125161.9,124319.63,124359.64,0.0,0.0,0.0
2025-02-07 16:00:00,124409.48,124630.22,124373.7,124620.96,0.0,0.0,0.0
2025-02-10 10:00:00,124619.4,126386.31,124619.4,126152.71,0.0,0.0,0.0
2025-02-10 11:00:00,126159.7,126159.7,125346.66,125606.83,0.0,0.0,0.0
2025-02-10 12:00:00,125568.83,125869.87,125482.86,125869.87,0.0,0.0,0.0
2025-02-10 13:00:00,125891.24,126071.35,125685.49,125759.65,0.0,0.0,0.0
2025-02-10 14:00:00,125743.13,125841.3,125639.67,125785.45,0.0,0.0,0.0
2025-02-10 15:00:00,125773.67,125821.91,125576.23,125635.37,0.0,0.0,0.0
2025-02-10 16:00:00,125626.61,125680.74,125535.99,125678.52,0.0,0.0,0.0
2025-02-11 10:00:00,125571.39,126774.36,125569.96,126508.6,0.0,0.0,0.0
2025-02-11 11:00:00,126474.17,126886.27,126321.39,126370.17,0.0,0.0,0.0
2025-02-11 12:00:00,126379.73,126409.04,126053.87,126374.68,0.0,0.0,0.0
2025-02-11 13:00:00,126409.04,126553.97,126333.95,126497.72,0.0,0.0,0.0
2025-02-11 14:00:00,126493.26,126535.55,126363.6,126508.89,0.0,0.0,0.0
2025-02-11 15:00:00,126516.91,126581.16,126382.11,126448.8,0.0,0.0,0.0
2025-02-11 16:00:00,126433.92,126486.27,126280.24,126369.74,0.0,0.0,0.0
2025-02-12 10:00:00,126512.74,126512.74,124400.7,124618.21,0.0,0.0,0.0
2025-02-12 11:00:00,124623.22,124949.35,124500.89,124764.04,0.0,0.0,0.0
2025-02-12 12:00:00,124760.05,124760.05,124168.64,124365.5,0.0,0.0,0.0
2025-02-12 13:00:00,124349.04,124408.52,124115.91,124364.81,0.0,0.0,0.0
2025-02-12 14:00:00,124363.85,124680.6,124203.35,124642.13,0.0,0.0,0.0
2025-02-12 15:00:00,124643.37,124896.88,124389.5,124574.19,0.0,0.0,0.0
2025-02-12 16:00:00,124587.63,124587.63,124306.09,124517.14,0.0,0.0,0.0
2025-02-13 10:00:00,124372.2,124375.16,124016.33,124210.63,0.0,0.0,0.0
2025-02-13 11:00:00,124208.39,124262.35,123777.69,124127.07,0.0,0.0,0.0
2025-02-13 12:00:00,124152.86,124403.2,124017.49,124268.18,0.0,0.0,0.0
2025-02-13 13:00:00,124258.85,124449.57,124161.16,124419.27,0.0,0.0,0.0
2025-02-13 14:00:00,124415.59,124639.34,124274.13,124489.59,0.0,0.0,0.0
2025-02-13 15:00:00,124460.17,124630.73,124387.67,124503.34,0.0,0.0,0.0
2025-02-13 16:00:00,124499.18,124668.48,124445.0,124505.91,0.0,0.0,0.0
2025-02-14 10:00:00,124849.48,126415.07,124849.48,125983.35,0.0,0.0,0.0
2025-02-14 11:00:00,125998.68,126382.41,125947.52,126340.83,0.0,0.0,0.0
2025-02-14 12:00:00,126381.66,126806.54,126374.09,126616.51,0.0,0.0,0.0
2025-02-14 13:00:00,126617.8,127024.33,126597.99,127024.33,0.0,0.0,0.0
2025-02-14 14:00:00,127065.08,127228.51,126959.73,127131.59,0.0,0.0,0.0
2025-02-14 15:00:00,127138.19,127327.64,127044.78,127292.99,0.0,0.0,0.0
2025-02-14 16:00:00,127293.3,128434.13,127290.51,128154.25,0.0,0.0,0.0
2025-02-17 10:00:00,128229.39,128884.59,128229.39,128743.91,0.0,0.0,0.0
2025-02-17 11:00:00,128780.46,129306.2,128765.24,129146.83,0.0,0.0,0.0
2025-02-17 12:00:00,129148.75,129441.02,129022.5,129370.57,0.0,0.0,0.0
2025-02-17 13:00:00,129391.14,129534.45,129292.19,129466.24,0.0,0.0,0.0
2025-02-17 14:00:00,129462.39,129481.3,129177.36,129280.74,0.0,0.0,0.0
2025-02-17 15:00:00,129286.65,129317.03,128859.41,128931.87,0.0,0.0,0.0
2025-02-17 16:00:00,128955.18,129207.57,128836.64,129083.87,0.0,0.0,0.0
2025-02-18 10:00:00,128552.68,128876.55,128012.49,128474.78,0.0,0.0,0.0
2025-02-18 11:00:00,128530.72,128838.58,128382.54,128670.89,0.0,0.0,0.0
2025-02-18 12:00:00,128673.95,129293.71,128673.95,129115.0,0.0,0.0,0.0
2025-02-18 13:00:00,129128.54,129190.39,128966.01,129134.32,0.0,0.0,0.0
2025-02-18 14:00:00,129111.56,129144.7,128639.61,128655.83,0.0,0.0,0.0
2025-02-18 15:00:00,128658.61,128705.33,128311.08,128440.54,0.0,0.0,0.0
2025-02-18 16:00:00,128444.72,128552.68,128243.59,128243.59,0.0,0.0,0.0
2025-02-19 10:00:00,128528.28,128528.28,127373.31,127845.24,0.0,0.0,0.0
2025-02-19 11:00:00,127897.22,127936.84,127482.69,127578.69,0.0,0.0,0.0
2025-02-19 12:00:00,127552.89,127801.35,127527.42,127637.55,0.0,0.0,0.0
2025-02-19 13:00:00,127631.88,127846.2,127523.43,127532.0,0.0,0.0,0.0
2025-02-19 14:00:00,127534.03,127552.86,127285.67,127374.47,0.0,0.0,0.0
2025-02-19 15:00:00,127382.77,127460.57,127178.99,127216.63,0.0,0.0,0.0
2025-02-19 16:00:00,127185.4,127390.73,127114.64,127153.92,0.0,0.0,0.0
2025-02-20 10:00:00,127309.37,127563.69,127063.47,127334.42,0.0,0.0,0.0
2025-02-20 11:00:00,127348.9,127868.05,127253.76,127688.21,0.0,0.0,0.0
2025-02-20 12:00:00,127676.85,127871.29,127383.27,127410.34,0.0,0.0,0.0
2025-02-20 13:00:00,127396.29,127466.21,127107.05,127233.62,0.0,0.0,0.0
2025-02-20 14:00:00,127240.92,127443.54,127101.86,127230.31,0.0,0.0,0.0
2025-02-20 15:00:00,127226.07,127312.45,127070.92,127211.05,0.0,0.0,0.0
2025-02-20 16:00:00,127211.69,127417.2,127185.42,127391.97,0.0,0.0,0.0
2025-02-21 10:00:00,127600.58,127654.0,127156.42,127408.61,0.0,0.0,0.0
2025-02-21 11:00:00,127409.01,127409.01,126927.71,127027.84,0.0,0.0,0.0
2025-02-21 12:00:00,127032.44,127108.09,126760.0,126872.24,0.0,0.0,0.0
2025-02-21 13:00:00,126878.42,127067.3,126711.5,126944.15,0.0,0.0,0.0
2025-02-21 14:00:00,126943.54,127303.96,126943.54,127057.13,0.0,0.0,0.0
2025-02-21 15:00:00,127021.0,127075.33,126483.02,126680.32,0.0,0.0,0.0
2025-02-21 16:00:00,126651.57,126865.55,126609.79,126772.83,0.0,0.0,0.0
2025-02-24 10:00:00,127129.48,127274.72,126908.48,127021.0,0.0,0.0,0.0
2025-02-24 11:00:00,127035.77,127198.02,126792.68,126792.68,0.0,0.0,0.0
2025-02-24 12:00:00,126803.23,126803.23,126505.99,126614.92,0.0,0.0,0.0
2025-02-24 13:00:00,126620.41,126672.9,126325.66,126325.66,0.0,0.0,0.0
2025-02-24 14:00:00,126312.64,126347.62,125842.69,125842.69,0.0,0.0,0.0
2025-02-24 15:00:00,125837.01,125983.02,125748.37,125748.37,0.0,0.0,0.0
2025-02-24 16:00:00,125761.11,125822.16,125221.55,125226.82,0.0,0.0,0.0
2025-02-25 10:00:00,125401.38,126298.08,125382.4,126020.85,0.0,0.0,0.0
2025-02-25 11:00:00,126036.59,126717.95,125973.42,126506.87,0.0,0.0,0.0
2025-02-25 12:00:00,126516.58,126516.58,126247.92,126375.89,0.0,0.0,0.0
2025-02-25 13:00:00,126368.75,126600.59,125917.62,125971.4,0.0,0.0,0.0
2025-02-25 14:00:00,125978.41,126176.3,125955.1,126015.57,0.0,0.0,0.0
2025-02-25 15:00:00,126025.42,126328.46,126003.62,126165.88,0.0,0.0,0.0
2025-02-25 16:00:00,126146.96,126257.14,126021.84,126183.88,0.0,0.0,0.0
2025-02-26 10:00:00,125980.27,126562.53,125673.08,125714.66,0.0,0.0,0.0
2025-02-26 11:00:00,125731.71,125875.69,125130.29,125242.61,0.0,0.0,0.0
2025-02-26 12:00:00,125316.95,125508.51,125206.09,125417.66,0.0,0.0,0.0
2025-02-26 13:00:00,125416.64,125559.6,125387.76,125415.16,0.0,0.0,0.0
2025-02-26 14:00:00,125401.51,125454.18,125043.09,125061.01,0.0,0.0,0.0
2025-02-26 15:00:00,125077.59,125263.61,124945.74,125188.29,0.0,0.0,0.0
2025-02-26 16:00:00,125175.38,125207.21,124961.61,125027.82,0.0,0.0,0.0
2025-02-27 10:00:00,124767.91,125091.32,124381.63,124472.07,0.0,0.0,0.0
2025-02-27 11:00:00,124574.31,124811.29,124351.92,124565.52,0.0,0.0,0.0
2025-02-27 12:00:00,124573.42,124814.61,124439.6,124660.76,0.0,0.0,0.0
2025-02-27 13:00:00,124670.52,124696.24,124418.17,124542.62,0.0,0.0,0.0
2025-02-27 14:00:00,124550.73,124982.66,124549.38,124898.7,0.0,0.0,0.0
2025-02-27 15:00:00,124912.59,125415.47,124884.15,125380.66,0.0,0.0,0.0
2025-02-27 16:00:00,125390.23,125496.66,125169.98,125296.08,0.0,0.0,0.0
2025-02-28 10:00:00,124797.52,124916.19,124296.05,124564.54,0.0,0.0,0.0
2025-02-28 11:00:00,124534.9,124611.76,123966.46,124225.47,0.0,0.0,0.0
2025-02-28 12:00:00,124177.01,124408.74,124098.31,124369.47,0.0,0.0,0.0
2025-02-28 13:00:00,124384.18,124423.61,123623.08,123623.08,0.0,0.0,0.0
2025-02-28 14:00:00,123637.71,123748.69,123268.29,123327.16,0.0,0.0,0.0
2025-02-28 15:00:00,123356.54,123356.54,122658.78,122805.72,0.0,0.0,0.0
2025-02-28 16:00:00,122829.27,123084.51,122829.27,123016.28,0.0,0.0,0.0
2025-03-05 13:00:00,122799.09,123150.69,122747.06,123112.82,0.0,0.0,0.0
2025-03-05 14:00:00,123120.72,123300.62,122900.71,123095.17,0.0,0.0,0.0
2025-03-05 15:00:00,123087.33,123169.8,122865.63,123125.56,0.0,0.0,0.0
2025-03-05 16:00:00,123111.85,123237.32,123065.93,123112.06,0.0,0.0,0.0
2025-03-05 17:00:00,123098.63,123364.03,122956.96,123198.96,0.0,0.0,0.0
2025-03-06 10:00:00,123047.53,123452.82,123021.98,123209.42,0.0,0.0,0.0
2025-03-06 11:00:00,123176.31,123327.87,122680.93,123039.3,0.0,0.0,0.0
2025-03-06 12:00:00,123051.51,124111.92,123051.51,123548.83,0.0,0.0,0.0
2025-03-06 13:00:00,123571.58,123888.57,123214.16,123391.14,0.0,0.0,0.0
2025-03-06 14:00:00,123423.33,123689.91,123239.24,123239.24,0.0,0.0,0.0
2025-03-06 15:00:00,123228.79,123662.52,123211.89,123363.01,0.0,0.0,0.0
2025-03-06 16:00:00,123349.98,123364.84,122855.69,123036.61,0.0,0.0,0.0
2025-03-07 10:00:00,123356.77,123356.77,122529.86,122953.41,0.0,0.0,0.0
2025-03-07 11:00:00,122977.76,124262.46,122950.34,124172.02,0.0,0.0,0.0
2025-03-07 12:00:00,124229.69,124932.74,124229.69,124731.22,0.0,0.0,0.0
2025-03-07 13:00:00,124761.9,124815.4,124393.76,124473.39,0.0,0.0,0.0
2025-03-07 14:00:00,124468.96,124946.27,124427.74,124743.41,0.0,0.0,0.0
2025-03-07 15:00:00,124777.23,125364.64,124738.24,125364.64,0.0,0.0,0.0
2025-03-07 16:00:00,125327.89,125821.53,125327.89,125578.21,0.0,0.0,0.0
2025-03-10 10:00:00,125031.3,125031.3,123912.54,123913.76,0.0,0.0,0.0
2025-03-10 11:00:00,123923.07,124031.91,123471.46,123920.05,0.0,0.0,0.0
2025-03-10 12:00:00,123927.91,124778.64,123925.74,124449.63,0.0,0.0,0.0
2025-03-10 13:00:00,124419.91,124770.82,124419.91,124597.69,0.0,0.0,0.0
2025-03-10 14:00:00,124594.42,124654.2,124198.7,124250.36,0.0,0.0,0.0
2025-03-10 15:00:00,124243.63,124389.97,123946.94,123978.7,0.0,0.0,0.0
2025-03-10 16:00:00,123976.32,124337.39,123797.2,124333.68,0.0,0.0,0.0
2025-03-11 10:00:00,124519.3,124625.49,123600.13,123684.17,0.0,0.0,0.0
2025-03-11 11:00:00,123722.25,123773.83,123142.28,123240.19,0.0,0.0,0.0
2025-03-11 12:00:00,123221.62,123344.94,123100.97,123146.24,0.0,0.0,0.0
2025-03-11 13:00:00,123120.9,123120.9,122762.1,122822.88,0.0,0.0,0.0
2025-03-11 14:00:00,122823.89,122994.32,122635.62,122925.92,0.0,0.0,0.0
2025-03-11 15:00:00,122944.6,123653.45,122944.6,123653.45,0.0,0.0,0.0
2025-03-11 16:00:00,123638.77,123813.76,123556.54,123610.78,0.0,0.0,0.0
2025-03-12 10:00:00,123507.19,124048.45,123401.85,123868.56,0.0,0.0,0.0
2025-03-12 11:00:00,123807.32,123807.32,123277.38,123471.69,0.0,0.0,0.0
2025-03-12 12:00:00,123440.3,123794.19,123416.3,123737.87,0.0,0.0,0.0
2025-03-12 13:00:00,123695.43,124010.89,123599.35,123620.97,0.0,0.0,0.0
2025-03-12 14:00:00,123601.18,123602.18,123043.49,123047.5,0.0,0.0,0.0
2025-03-12 15:00:00,123051.71,123765.3,122969.29,123403.79,0.0,0.0,0.0
2025-03-12 16:00:00,123400.64,123921.46,123372.75,123851.29,0.0,0.0,0.0
2025-03-13 10:00:00,123862.83,124116.57,123589.56,123847.69,0.0,0.0,0.0
2025-03-13 11:00:00,123840.66,125393.32,123835.99,125282.31,0.0,0.0,0.0
2025-03-13 12:00:00,125284.48,125503.93,125124.87,125432.94,0.0,0.0,0.0
2025-03-13 13:00:00,125422.58,125716.61,125406.01,125580.46,0.0,0.0,0.0
2025-03-13 14:00:00,125590.87,125736.69,125397.67,125450.56,0.0,0.0,0.0
2025-03-13 15:00:00,125451.48,125686.25,125405.91,125637.49,0.0,0.0,0.0
2025-03-13 16:00:00,125631.36,125774.17,125600.95,125646.04,0.0,0.0,0.0
2025-03-14 10:00:00,125646.73,126967.83,125646.73,126963.59,0.0,0.0,0.0
2025-03-14 11:00:00,126948.93,128195.95,126816.51,128118.72,0.0,0.0,0.0
2025-03-14 12:00:00,128132.12,128756.91,128132.12,128738.6,0.0,0.0,0.0
2025-03-14 13:00:00,128734.83,128950.57,128448.39,128646.91,0.0,0.0,0.0
2025-03-14 14:00:00,128653.94,128742.03,128426.87,128478.55,0.0,0.0,0.0
2025-03-14 15:00:00,128451.42,128829.86,128412.49,128765.93,0.0,0.0,0.0
2025-03-14 16:00:00,128748.33,129194.14,128748.33,129009.23,0.0,0.0,0.0
2025-03-17 10:00:00,128959.1,129516.35,128957.09,129392.34,0.0,0.0,0.0
2025-03-17 11:00:00,129376.51,130040.28,129347.34,129865.02,0.0,0.0,0.0
2025-03-17 12:00:00,129842.89,130814.71,129842.89,130696.0,0.0,0.0,0.0
2025-03-17 13:00:00,130703.64,130880.43,130581.85,130671.42,0.0,0.0,0.0
2025-03-17 14:00:00,130661.7,131017.51,130572.75,130991.37,0.0,0.0,0.0
2025-03-17 15:00:00,130987.91,131139.23,130939.83,131139.23,0.0,0.0,0.0
2025-03-17 16:00:00,131134.27,131313.48,130852.36,130900.79,0.0,0.0,0.0
2025-03-18 10:00:00,130831.55,131447.38,130721.97,130756.17,0.0,0.0,0.0
2025-03-18 11:00:00,130743.66,131008.48,130740.26,130867.03,0.0,0.0,0.0
2025-03-18 12:00:00,130882.89,131510.92,130788.98,131227.16,0.0,0.0,0.0
2025-03-18 13:00:00,131229.62,131495.94,131123.7,131175.44,0.0,0.0,0.0
2025-03-18 14:00:00,131168.28,131834.31,131147.16,131728.5,0.0,0.0,0.0
2025-03-18 15:00:00,131693.61,131736.47,131469.61,131635.38,0.0,0.0,0.0
2025-03-18 16:00:00,131621.45,131727.66,131431.31,131478.48,0.0,0.0,0.0
2025-03-19 10:00:00,131476.06,132317.16,131450.67,132150.88,0.0,0.0,0.0
2025-03-19 11:00:00,132151.55,132802.52,132139.05,132439.22,0.0,0.0,0.0
2025-03-19 12:00:00,132417.41,132474.83,132196.73,132278.97,0.0,0.0,0.0
2025-03-19 13:00:00,132332.41,132581.45,132283.2,132295.58,0.0,0.0,0.0
2025-03-19 14:00:00,132351.62,132477.2,132061.81,132061.81,0.0,0.0,0.0
2025-03-19 15:00:00,132186.73,132940.41,132141.14,132895.3,0.0,0.0,0.0
2025-03-19 16:00:00,132950.52,132984.25,132490.34,132566.09,0.0,0.0,0.0
2025-03-20 10:00:00,132504.91,132712.52,132358.34,132533.88,0.0,0.0,0.0
2025-03-20 11:00:00,132505.94,132513.22,132075.55,132470.44,0.0,0.0,0.0
2025-03-20 12:00:00,132479.59,132711.5,131870.94,131951.53,0.0,0.0,0.0
2025-03-20 13:00:00,132001.34,132264.27,131950.52,132100.53,0.0,0.0,0.0
2025-03-20 14:00:00,132100.7,132229.92,131952.81,131966.2,0.0,0.0,0.0
2025-03-20 15:00:00,131967.44,132140.67,131813.03,131880.55,0.0,0.0,0.0
2025-03-20 16:00:00,131875.06,132233.91,131821.22,132134.23,0.0,0.0,0.0
2025-03-21 10:00:00,131941.28,132277.44,131870.25,132126.27,0.0,0.0,0.0
2025-03-21 11:00:00,132164.48,132548.19,131997.48,132232.66,0.0,0.0,0.0
2025-03-21 12:00:00,132191.98,132191.98,131860.98,131951.84,0.0,0.0,0.0
2025-03-21 13:00:00,131936.19,132220.72,131776.39,132119.16,0.0,0.0,0.0
2025-03-21 14:00:00,132177.31,132288.55,132050.62,132169.72,0.0,0.0,0.0
2025-03-21 15:00:00,132195.98,132195.98,131888.41,131888.41,0.0,0.0,0.0
2025-03-21 16:00:00,131871.45,132277.22,131803.97,132190.64,0.0,0.0,0.0
2025-03-24 10:00:00,132343.95,132424.44,131610.19,131933.5,0.0,0.0,0.0
2025-03-24 11:00:00,131954.72,132346.66,131876.09,132130.03,0.0,0.0,0.0
2025-03-24 12:00:00,132170.02,132170.02,131871.27,131998.02,0.0,0.0,0.0
2025-03-24 13:00:00,131972.38,131972.38,131711.81,131839.77,0.0,0.0,0.0
2025-03-24 14:00:00,131851.67,131851.67,131037.88,131037.88,0.0,0.0,0.0
2025-03-24 15:00:00,131046.39,131235.78,130991.87,131103.56,0.0,0.0,0.0
2025-03-24 16:00:00,131097.52,131446.52,131010.04,131275.53,0.0,0.0,0.0
2025-03-25 10:00:00,131326.62,132690.98,131325.36,132589.69,0.0,0.0,0.0
2025-03-25 11:00:00,132585.48,133126.19,132550.17,133027.55,0.0,0.0,0.0
2025-03-25 12:00:00,133076.62,133471.08,133031.2,133274.23,0.0,0.0,0.0
2025-03-25 13:00:00,133288.78,133288.78,132524.09,132740.83,0.0,0.0,0.0
2025-03-25 14:00:00,132739.89,132818.48,132298.66,132360.41,0.0,0.0,0.0
2025-03-25 15:00:00,132373.02,132439.3,132128.2,132272.67,0.0,0.0,0.0
2025-03-25 16:00:00,132215.66,132282.05,132000.31,132133.38,0.0,0.0,0.0
2025-03-26 10:00:00,132069.02,132878.72,132068.02,132577.09,0.0,0.0,0.0
2025-03-26 11:00:00,132539.12,132877.38,132441.88,132467.95,0.0,0.0,0.0
2025-03-26 12:00:00,132420.28,132659.52,132401.12,132454.8,0.0,0.0,0.0
2025-03-26 13:00:00,132465.59,132983.92,132446.7,132524.27,0.0,0.0,0.0
2025-03-26 14:00:00,132490.8,132504.56,132220.66,132430.44,0.0,0.0,0.0
2025-03-26 15:00:00,132421.52,132642.27,132330.61,132366.48,0.0,0.0,0.0
2025-03-26 16:00:00,132412.09,132691.3,132336.81,132634.98,0.0,0.0,0.0
2025-03-27 10:00:00,132522.19,133140.52,132478.98,132968.77,0.0,0.0,0.0
2025-03-27 11:00:00,132951.31,133131.19,132765.67,132869.88,0.0,0.0,0.0
2025-03-27 12:00:00,132878.09,133696.12,132878.09,133602.3,0.0,0.0,0.0
2025-03-27 13:00:00,133598.61,133756.69,133416.27,133585.91,0.0,0.0,0.0
2025-03-27 14:00:00,133588.59,133904.38,133160.92,133160.92,0.0,0.0,0.0
2025-03-27 15:00:00,133146.23,133426.98,133088.83,133230.23,0.0,0.0,0.0
2025-03-27 16:00:00,133243.38,133340.45,132856.7,133044.5,0.0,0.0,0.0
2025-03-28 10:00:00,133143.44,133143.44,132403.94,132558.81,0.0,0.0,0.0
2025-03-28 11:00:00,132530.45,132530.45,131411.02,131415.11,0.0,0.0,0.0
2025-03-28 12:00:00,131418.8,131686.44,131367.88,131679.3,0.0,0.0,0.0
2025-03-28 13:00:00,131649.91,131755.8,131443.02,131443.02,0.0,0.0,0.0
2025-03-28 14:00:00,131445.17,131823.55,131315.06,131823.55,0.0,0.0,0.0
2025-03-28 15:00:00,131833.52,132707.81,131833.52,132183.05,0.0,0.0,0.0
2025-03-28 16:00:00,132216.52,132303.69,132076.34,132237.66,0.0,0.0,0.0
2025-03-31 10:00:00,131900.0,131900.92,130266.24,130577.41,0.0,0.0,0.0
2025-03-31 11:00:00,130640.55,130930.37,130530.63,130670.39,0.0,0.0,0.0
2025-03-31 12:00:00,130729.91,130729.91,130188.73,130323.43,0.0,0.0,0.0
2025-03-31 13:00:00,130315.0,130453.08,130202.16,130340.33,0.0,0.0,0.0
2025-03-31 14:00:00,130328.84,130492.7,130114.96,130416.18,0.0,0.0,0.0
2025-03-31 15:00:00,130402.7,131082.06,130402.7,130622.96,0.0,0.0,0.0
2025-03-31 16:00:00,130622.72,130733.8,130464.91,130526.42,0.0,0.0,0.0
2025-04-01 10:00:00,130266.57,130864.04,130080.54,130775.96,0.0,0.0,0.0
2025-04-01 11:00:00,130754.09,131716.7,130529.09,131393.48,0.0,0.0,0.0
2025-04-01 12:00:00,131356.23,131850.45,131356.23,131771.02,0.0,0.0,0.0
2025-04-01 13:00:00,131762.31,131949.86,131470.55,131592.95,0.0,0.0,0.0
2025-04-01 14:00:00,131577.66,131982.3,131495.56,131726.48,0.0,0.0,0.0
2025-04-01 15:00:00,131748.66,131779.09,131023.98,131218.2,0.0,0.0,0.0
2025-04-01 16:00:00,131195.16,131422.89,131040.66,131150.62,0.0,0.0,0.0
2025-04-02 10:00:00,131150.69,131423.84,130500.72,130605.31,0.0,0.0,0.0
2025-04-02 11:00:00,130566.67,131238.95,130392.6,130985.24,0.0,0.0,0.0
2025-04-02 12:00:00,130942.2,131132.47,130706.95,130942.5,0.0,0.0,0.0
2025-04-02 13:00:00,130919.66,131299.81,130834.82,131256.5,0.0,0.0,0.0
2025-04-02 14:00:00,131268.45,131268.45,130887.25,131094.05,0.0,0.0,0.0
2025-04-02 15:00:00,131104.81,131218.73,131016.57,131093.45,0.0,0.0,0.0
2025-04-02 16:00:00,131084.27,131291.91,131084.27,131263.41,0.0,0.0,0.0
2025-04-03 10:00:00,131185.39,132449.02,130342.43,132001.3,0.0,0.0,0.0
2025-04-03 11:00:00,132011.52,132552.11,131494.69,131731.7,0.0,0.0,0.0
2025-04-03 12:00:00,131615.62,131615.62,130899.71,131064.65,0.0,0.0,0.0
2025-04-03 13:00:00,131013.43,131607.52,131013.43,131344.48,0.0,0.0,0.0
2025-04-03 14:00:00,131356.56,131589.09,131115.81,131403.52,0.0,0.0,0.0
2025-04-03 15:00:00,131363.06,131484.06,131154.77,131376.12,0.0,0.0,0.0
2025-04-03 16:00:00,131370.23,131467.27,131033.18,131093.17,0.0,0.0,0.0
2025-04-04 10:00:00,131139.05,131139.05,127330.89,127572.34,0.0,0.0,0.0
2025-04-04 11:00:00,127598.82,127598.82,126465.55,126903.82,0.0,0.0,0.0
2025-04-04 12:00:00,126905.61,127767.59,126845.7,127178.32,0.0,0.0,0.0
2025-04-04 13:00:00,127128.16,127412.55,126853.4,127194.45,0.0,0.0,0.0
2025-04-04 14:00:00,127189.1,127396.08,126865.29,127278.8,0.0,0.0,0.0
2025-04-04 15:00:00,127307.24,127380.7,126793.1,126934.96,0.0,0.0,0.0
2025-04-04 16:00:00,126969.24,127404.35,126865.35,127257.58,0.0,0.0,0.0
2025-04-07 10:00:00,127228.9,127228.91,123876.24,125238.72,0.0,0.0,0.0
2025-04-07 11:00:00,125164.85,128410.57,125023.18,126760.2,0.0,0.0,0.0
2025-04-07 12:00:00,126854.14,127102.35,124985.69,125613.02,0.0,0.0,0.0
2025-04-07 13:00:00,125502.76,125569.36,124805.33,125245.27,0.0,0.0,0.0
2025-04-07 14:00:00,125243.92,126353.12,125225.16,126164.05,0.0,0.0,0.0
2025-04-07 15:00:00,126193.34,126391.5,125138.53,125216.43,0.0,0.0,0.0
2025-04-07 16:00:00,125244.25,125894.16,125231.17,125503.59,0.0,0.0,0.0
2025-04-08 10:00:00,125588.09,127651.6,125588.09,126745.22,0.0,0.0,0.0
2025-04-08 11:00:00,126700.75,127012.3,125488.48,125488.48,0.0,0.0,0.0
2025-04-08 12:00:00,125521.16,125715.44,125033.25,125513.5,0.0,0.0,0.0
2025-04-08 13:00:00,125514.74,125514.74,124426.45,124738.42,0.0,0.0,0.0
2025-04-08 14:00:00,124732.94,124994.49,124205.88,124823.9,0.0,0.0,0.0
2025-04-08 15:00:00,124839.95,125351.2,124434.34,124434.34,0.0,0.0,0.0
2025-04-08 16:00:00,124398.61,124398.61,123454.24,123909.2,0.0,0.0,0.0
2025-04-09 10:00:00,123928.19,124421.8,122887.13,124237.99,0.0,0.0,0.0
2025-04-09 11:00:00,124231.77,124718.59,123586.13,123678.43,0.0,0.0,0.0
2025-04-09 12:00:00,123665.65,124180.83,123426.12,123552.01,0.0,0.0,0.0
2025-04-09 13:00:00,123548.13,124485.54,123548.13,124364.67,0.0,0.0,0.0
2025-04-09 14:00:00,124311.32,128648.95,123960.35,128258.77,0.0,0.0,0.0
2025-04-09 15:00:00,128291.03,128410.39,126867.8,126867.8,0.0,0.0,0.0
2025-04-09 16:00:00,126924.04,128109.34,126703.2,127881.16,0.0,0.0,0.0
2025-04-10 10:00:00,127795.93,127796.75,126440.55,126708.18,0.0,0.0,0.0
2025-04-10 11:00:00,126643.36,127118.9,126309.1,126554.8,0.0,0.0,0.0
2025-04-10 12:00:00,126549.97,126755.08,125835.85,125898.81,0.0,0.0,0.0
2025-04-10 13:00:00,125840.89,125933.5,124894.76,125850.46,0.0,0.0,0.0
2025-04-10 14:00:00,126004.86,126396.41,125323.98,126190.04,0.0,0.0,0.0
2025-04-10 15:00:00,126202.29,126647.63,125995.21,126255.41,0.0,0.0,0.0
2025-04-10 16:00:00,126219.53,126582.55,125509.46,125966.59,0.0,0.0,0.0
2025-04-11 10:00:00,126354.75,127153.57,126121.06,126895.04,0.0,0.0,0.0
2025-04-11 11:00:00,126843.65,127100.81,126078.39,126536.12,0.0,0.0,0.0
2025-04-11 12:00:00,126520.88,127033.2,126206.39,126842.48,0.0,0.0,0.0
2025-04-11 13:00:00,126843.01,127661.7,126739.56,127593.05,0.0,0.0,0.0
2025-04-11 14:00:00,127563.12,128385.96,127143.09,128054.68,0.0,0.0,0.0
2025-04-11 15:00:00,128104.41,128171.41,127843.33,128016.89,0.0,0.0,0.0
2025-04-11 16:00:00,128022.23,128320.36,128003.4,128013.26,0.0,0.0,0.0
2025-04-14 10:00:00,127682.58,129477.59,127682.58,129073.11,0.0,0.0,0.0
2025-04-14 11:00:00,129095.71,129424.19,128751.89,128831.12,0.0,0.0,0.0
2025-04-14 12:00:00,128828.86,129209.27,128472.04,128752.02,0.0,0.0,0.0
2025-04-14 13:00:00,128699.69,128985.56,128414.29,128791.7,0.0,0.0,0.0
2025-04-14 14:00:00,128796.74,129383.94,128796.74,129239.89,0.0,0.0,0.0
2025-04-14 15:00:00,129206.55,129853.56,129198.22,129788.72,0.0,0.0,0.0
2025-04-14 16:00:00,129795.36,129955.35,129584.26,129626.65,0.0,0.0,0.0
2025-04-15 10:00:00,129452.31,129853.71,129285.63,129590.16,0.0,0.0,0.0
2025-04-15 11:00:00,129745.04,129903.0,128951.12,129277.3,0.0,0.0,0.0
2025-04-15 12:00:00,129208.78,129547.85,129147.5,129489.1,0.0,0.0,0.0
2025-04-15 13:00:00,129529.59,129927.08,129375.18,129410.68,0.0,0.0,0.0
2025-04-15 14:00:00,129452.48,129670.1,129009.14,129122.05,0.0,0.0,0.0
2025-04-15 15:00:00,129140.77,129346.46,129028.15,129098.28,0.0,0.0,0.0
2025-04-15 16:00:00,129072.58,129453.91,129051.29,129203.77,0.0,0.0,0.0
2025-04-16 10:00:00,129244.71,129244.71,128564.75,128634.73,0.0,0.0,0.0
2025-04-16 11:00:00,128624.76,128986.89,128159.2,128335.01,0.0,0.0,0.0
2025-04-16 12:00:00,128354.88,128828.02,128354.88,128723.9,0.0,0.0,0.0
2025-04-16 13:00:00,128733.39,129088.36,128411.96,129088.36,0.0,0.0,0.0
2025-04-16 14:00:00,129033.85,129605.01,128459.13,128459.13,0.0,0.0,0.0
2025-04-16 15:00:00,128435.4,129128.62,128435.4,128804.88,0.0,0.0,0.0
2025-04-16 16:00:00,128789.66,129245.39,128149.1,128363.5,0.0,0.0,0.0
2025-04-17 10:00:00,128315.56,128880.98,127973.14,128815.51,0.0,0.0,0.0
2025-04-17 11:00:00,128804.26,129083.1,128505.94,128905.31,0.0,0.0,0.0
2025-04-17 12:00:00,128910.45,129511.87,128910.45,129258.43,0.0,0.0,0.0
2025-04-17 13:00:00,129252.55,129826.86,129252.55,129731.78,0.0,0.0,0.0
2025-04-17 14:00:00,129723.38,129894.62,129439.1,129718.6,0.0,0.0,0.0
2025-04-17 15:00:00,129742.28,130090.65,129713.16,129885.13,0.0,0.0,0.0
2025-04-17 16:00:00,129855.16,129871.51,129522.02,129593.77,0.0,0.0,0.0
2025-04-22 10:00:00,129650.03,129653.49,128725.59,129254.87,0.0,0.0,0.0
2025-04-22 11:00:00,129258.44,130293.64,129152.49,130251.99,0.0,0.0,0.0
2025-04-22 12:00:00,130248.17,130583.11,130188.9,130583.11,0.0,0.0,0.0
2025-04-22 13:00:00,130589.92,130842.93,130390.42,130469.34,0.0,0.0,0.0
2025-04-22 14:00:00,130463.62,130575.79,130107.84,130207.94,0.0,0.0,0.0
2025-04-22 15:00:00,130212.34,130861.24,129650.03,129650.03,0.0,0.0,0.0
2025-04-22 16:00:00,130802.37,130859.8,130641.6,130718.07,0.0,0.0,0.0
2025-04-23 10:00:00,130467.91,133006.7,130467.91,132891.41,0.0,0.0,0.0
2025-04-23 11:00:00,133012.88,133207.42,132597.38,133101.58,0.0,0.0,0.0
2025-04-23 12:00:00,133151.16,133318.05,132667.97,132876.23,0.0,0.0,0.0
2025-04-23 13:00:00,132885.64,132917.47,132278.16,132616.77,0.0,0.0,0.0
2025-04-23 14:00:00,132631.05,132752.8,132368.14,132667.62,0.0,0.0,0.0
2025-04-23 15:00:00,132637.78,132737.02,132473.56,132589.16,0.0,0.0,0.0
2025-04-23 16:00:00,132567.03,132690.17,132316.88,132459.19,0.0,0.0,0.0
2025-04-24 10:00:00,132245.05,133316.38,132223.45,132815.17,0.0,0.0,0.0
2025-04-24 11:00:00,132786.75,133184.14,132585.44,133124.81,0.0,0.0,0.0
2025-04-24 12:00:00,133123.38,134040.12,133123.38,134000.11,0.0,0.0,0.0
2025-04-24 13:00:00,133990.38,134549.75,133930.64,134431.31,0.0,0.0,0.0
2025-04-24 14:00:00,134419.58,134623.59,134140.06,134496.34,0.0,0.0,0.0
2025-04-24 15:00:00,134537.86,134937.55,134519.89,134744.12,0.0,0.0,0.0
2025-04-24 16:00:00,134713.81,134754.44,134440.02,134497.84,0.0,0.0,0.0
2025-04-25 10:00:00,134579.2,134849.72,134252.5,134366.55,0.0,0.0,0.0
2025-04-25 11:00:00,134299.55,134992.22,134299.55,134855.84,0.0,0.0,0.0
2025-04-25 12:00:00,134869.55,134869.55,134454.09,134668.81,0.0,0.0,0.0
2025-04-25 13:00:00,134685.08,134784.02,134472.19,134513.56,0.0,0.0,0.0
2025-04-25 14:00:00,134515.44,134616.72,134186.44,134376.8,0.0,0.0,0.0
2025-04-25 15:00:00,134362.48,134883.48,134336.55,134645.84,0.0,0.0,0.0
2025-04-25 16:00:00,134614.61,134840.58,134552.77,134840.58,0.0,0.0,0.0
2025-04-28 10:00:00,134740.88,135390.77,134711.09,135170.69,0.0,0.0,0.0
2025-04-28 11:00:00,135182.94,135709.27,135134.62,135455.69,0.0,0.0,0.0
2025-04-28 12:00:00,135435.38,135536.84,134936.7,135067.52,0.0,0.0,0.0
2025-04-28 13:00:00,135069.23,135232.58,134900.8,134964.25,0.0,0.0,0.0
2025-04-28 14:00:00,134948.05,135041.92,134740.3,134893.77,0.0,0.0,0.0
2025-04-28 15:00:00,134942.33,135094.2,134752.38,134868.95,0.0,0.0,0.0
2025-04-28 16:00:00,134886.67,135001.95,134797.66,134988.25,0.0,0.0,0.0
2025-04-29 10:00:00,135016.78,135477.8,134898.67,135447.58,0.0,0.0,0.0
2025-04-29 11:00:00,135369.22,136111.97,135293.25,136055.94,0.0,0.0,0.0
2025-04-29 12:00:00,136052.97,136149.73,135729.62,135885.88,0.0,0.0,0.0
2025-04-29 13:00:00,135852.7,135989.41,135740.05,135768.72,0.0,0.0,0.0
2025-04-29 14:00:00,135777.36,135921.44,135706.31,135720.48,0.0,0.0,0.0
2025-04-29 15:00:00,135667.5,135713.38,135342.12,135395.55,0.0,0.0,0.0
2025-04-29 16:00:00,135389.41,135406.0,135197.55,135220.59,0.0,0.0,0.0
2025-04-30 10:00:00,135094.44,135116.3,134193.77,134346.56,0.0,0.0,0.0
2025-04-30 11:00:00,134412.91,134507.19,133955.0,134064.36,0.0,0.0,0.0
2025-04-30 12:00:00,134044.41,134737.56,134044.41,134713.84,0.0,0.0,0.0
2025-04-30 13:00:00,134688.12,134714.39,134465.59,134702.77,0.0,0.0,0.0
2025-04-30 14:00:00,134706.62,135032.3,134637.7,134644.56,0.0,0.0,0.0
2025-04-30 15:00:00,134722.59,135171.39,134682.11,134823.91,0.0,0.0,0.0
2025-04-30 16:00:00,134810.05,135046.06,134715.0,134991.44,0.0,0.0,0.0
2025-05-02 10:00:00,135066.97,135275.05,134564.69,134771.69,0.0,0.0,0.0
2025-05-02 11:00:00,134780.12,135111.0,134364.7,135053.19,0.0,0.0,0.0
2025-05-02 12:00:00,135012.02,135056.94,134355.2,134439.0,0.0,0.0,0.0
2025-05-02 13:00:00,134444.58,134705.2,134371.88,134520.8,0.0,0.0,0.0
2025-05-02 14:00:00,134524.91,134862.47,134431.53,134555.64,0.0,0.0,0.0
2025-05-02 15:00:00,134538.06,134790.17,134500.05,134639.66,0.0,0.0,0.0
2025-05-02 16:00:00,134645.77,135038.72,134623.78,134972.06,0.0,0.0,0.0
2025-05-05 10:00:00,135131.31,135198.12,134245.52,134318.41,0.0,0.0,0.0
2025-05-05 11:00:00,134341.81,134341.81,133664.67,133865.42,0.0,0.0,0.0
2025-05-05 12:00:00,133890.62,133953.64,133580.84,133662.92,0.0,0.0,0.0
2025-05-05 13:00:00,133669.59,133821.48,133492.66,133519.53,0.0,0.0,0.0
2025-05-05 14:00:00,133488.78,133636.2,133389.92,133621.02,0.0,0.0,0.0
2025-05-05 15:00:00,133594.19,133774.69,133472.92,133600.23,0.0,0.0,0.0
2025-05-05 16:00:00,133587.12,133643.64,133420.45,133430.5,0.0,0.0,0.0
2025-05-06 10:00:00,133498.86,134135.3,133495.64,133698.09,0.0,0.0,0.0
2025-05-06 11:00:00,133710.31,134011.94,133530.44,133552.94,0.0,0.0,0.0
2025-05-06 12:00:00,133589.31,133852.69,133465.59,133494.31,0.0,0.0,0.0
2025-05-06 13:00:00,133459.41,133845.66,133420.92,133493.41,0.0,0.0,0.0
2025-05-06 14:00:00,133488.73,133550.56,133382.53,133512.64,0.0,0.0,0.0
2025-05-06 15:00:00,133498.56,133651.67,133260.23,133473.48,0.0,0.0,0.0
2025-05-06 16:00:00,133496.86,133588.16,133464.83,133533.09,0.0,0.0,0.0
2025-05-07 10:00:00,133516.52,134110.45,132943.69,132971.97,0.0,0.0,0.0
2025-05-07 11:00:00,133062.84,133230.84,132871.84,133041.52,0.0,0.0,0.0
2025-05-07 12:00:00,133035.25,133283.81,132933.52,133205.22,0.0,0.0,0.0
2025-05-07 13:00:00,133210.06,133528.05,133095.39,133500.14,0.0,0.0,0.0
2025-05-07 14:00:00,133510.34,133556.22,133205.58,133341.5,0.0,0.0,0.0
2025-05-07 15:00:00,133314.16,133477.48,133109.59,133358.09,0.0,0.0,0.0
2025-05-07 16:00:00,133349.31,133478.02,133069.55,133287.38,0.0,0.0,0.0
2025-05-08 10:00:00,133457.69,136913.91,133457.69,136864.91,0.0,0.0,0.0
2025-05-08 11:00:00,136842.03,136842.03,136287.47,136660.8,0.0,0.0,0.0
2025-05-08 12:00:00,136650.92,137634.56,136618.92,137379.62,0.0,0.0,0.0
2025-05-08 13:00:00,137332.38,137437.34,137104.75,137313.72,0.0,0.0,0.0
2025-05-08 14:00:00,137311.84,137334.45,136922.89,136954.38,0.0,0.0,0.0
2025-05-08 15:00:00,136985.31,137195.78,136959.16,137004.11,0.0,0.0,0.0
2025-05-08 16:00:00,136965.62,137047.09,136552.31,136596.66,0.0,0.0,0.0
2025-05-09 10:00:00,136232.23,137286.02,136232.23,137044.02,0.0,0.0,0.0
2025-05-09 11:00:00,137062.62,137258.19,136444.91,136718.84,0.0,0.0,0.0
2025-05-09 12:00:00,136768.55,136792.45,136364.59,136539.09,0.0,0.0,0.0
2025-05-09 13:00:00,136533.53,136591.08,136265.83,136392.98,0.0,0.0,0.0
2025-05-09 14:00:00,136388.34,136468.27,136105.44,136457.8,0.0,0.0,0.0
2025-05-09 15:00:00,136460.22,136619.28,136390.14,136467.53,0.0,0.0,0.0
2025-05-09 16:00:00,136463.45,136660.97,136459.73,136556.53,0.0,0.0,0.0
2025-05-12 10:00:00,136516.27,137519.33,136404.69,136794.19,0.0,0.0,0.0
2025-05-12 11:00:00,136778.55,137150.59,136544.3,136740.91,0.0,0.0,0.0
2025-05-12 12:00:00,136759.98,136759.98,136395.38,136517.7,0.0,0.0,0.0
2025-05-12 13:00:00,136526.81,136762.41,136505.66,136724.53,0.0,0.0,0.0
2025-05-12 14:00:00,136703.25,136755.95,136535.31,136570.94,0.0,0.0,0.0
2025-05-12 15:00:00,136549.8,136738.09,136355.94,136738.09,0.0,0.0,0.0
2025-05-12 16:00:00,136705.52,136802.53,136546.59,136654.38,0.0,0.0,0.0
2025-05-13 10:00:00,136565.16,138050.69,136549.8,137787.33,0.0,0.0,0.0
2025-05-13 11:00:00,137678.33,138330.16,137664.41,138225.97,0.0,0.0,0.0
2025-05-13 12:00:00,138245.2,138991.09,138245.2,138730.53,0.0,0.0,0.0
2025-05-13 13:00:00,138742.59,138742.59,138398.86,138523.77,0.0,0.0,0.0
2025-05-13 14:00:00,138546.75,138594.38,138445.34,138494.69,0.0,0.0,0.0
2025-05-13 15:00:00,138541.61,138927.58,138526.88,138868.73,0.0,0.0,0.0
2025-05-13 16:00:00,138848.7,139418.97,138848.7,139007.05,0.0,0.0,0.0
2025-05-14 10:00:00,138965.08,139361.58,138698.05,138985.45,0.0,0.0,0.0
2025-05-14 11:00:00,138968.86,139071.34,138403.78,138721.09,0.0,0.0,0.0
2025-05-14 12:00:00,138690.19,138886.89,138506.62,138830.83,0.0,0.0,0.0
2025-05-14 13:00:00,138814.77,138885.75,138635.72,138739.97,0.0,0.0,0.0
2025-05-14 14:00:00,138781.09,138951.44,138479.56,138514.44,0.0,0.0,0.0
2025-05-14 15:00:00,138516.03,138563.44,138228.27,138498.62,0.0,0.0,0.0
2025-05-14 16:00:00,138505.33,138590.14,138396.95,138536.38,0.0,0.0,0.0
2025-05-15 11:00:00,138835.88,139196.12,138610.69,138717.73,0.0,0.0,0.0
2025-05-15 12:00:00,138721.61,139033.69,138528.3,139033.69,0.0,0.0,0.0
2025-05-15 13:00:00,139031.2,139323.12,139005.44,139165.41,0.0,0.0,0.0
2025-05-15 14:00:00,139160.14,139225.06,138483.84,138657.7,0.0,0.0,0.0
2025-05-15 15:00:00,138615.45,139020.2,138615.03,138961.7,0.0,0.0,0.0
2025-05-15 16:00:00,138993.16,139408.3,138969.0,139349.83,0.0,0.0,0.0
2025-05-16 10:00:00,139334.72,139334.72,137733.08,138324.44,0.0,0.0,0.0
2025-05-16 11:00:00,138316.06,138316.06,137713.31,137955.39,0.0,0.0,0.0
2025-05-16 12:00:00,137881.92,138384.52,137801.81,138258.06,0.0,0.0,0.0
2025-05-16 13:00:00,138218.73,138766.28,138218.73,138610.3,0.0,0.0,0.0
2025-05-16 14:00:00,138583.7,138996.42,138583.7,138793.95,0.0,0.0,0.0
2025-05-16 15:00:00,138795.53,139243.8,138795.53,139099.84,0.0,0.0,0.0
2025-05-16 16:00:00,139113.27,139245.34,138942.66,138999.03,0.0,0.0,0.0
2025-05-19 10:00:00,139186.48,139567.22,138586.77,139565.83,0.0,0.0,0.0
2025-05-19 11:00:00,139502.19,139783.88,139377.2,139664.78,0.0,0.0,0.0
2025-05-19 12:00:00,139720.98,140022.16,139664.89,139925.72,0.0,0.0,0.0
2025-05-19 13:00:00,139985.59,140079.95,139826.38,139883.47,0.0,0.0,0.0
2025-05-19 14:00:00,139877.98,140203.05,139877.98,140055.83,0.0,0.0,0.0
2025-05-19 15:00:00,140062.17,140102.16,139801.62,139886.81,0.0,0.0,0.0
2025-05-19 16:00:00,139893.16,139953.88,139683.89,139730.34,0.0,0.0,0.0
2025-05-20 10:00:00,139636.3,139833.52,138965.5,139295.83,0.0,0.0,0.0
2025-05-20 11:00:00,139334.05,139473.95,139149.55,139308.69,0.0,0.0,0.0
2025-05-20 12:00:00,139296.33,139425.27,139220.86,139369.77,0.0,0.0,0.0
2025-05-20 13:00:00,139356.3,139712.98,139274.78,139673.23,0.0,0.0,0.0
2025-05-20 14:00:00,139660.22,139792.62,139311.09,139546.03,0.0,0.0,0.0
2025-05-20 15:00:00,139527.08,139591.61,139205.98,139577.36,0.0,0.0,0.0
2025-05-20 16:00:00,139574.92,140243.86,139522.75,140145.3,0.0,0.0,0.0
2025-05-21 10:00:00,140108.61,140108.61,139230.98,139378.14,0.0,0.0,0.0
2025-05-21 11:00:00,139392.8,139405.97,138378.08,138695.02,0.0,0.0,0.0
2025-05-21 12:00:00,138742.58,138746.89,138270.98,138374.69,0.0,0.0,0.0
2025-05-21 13:00:00,138365.92,138457.31,138206.3,138427.91,0.0,0.0,0.0
2025-05-21 14:00:00,138424.69,138493.86,137563.25,137801.81,0.0,0.0,0.0
2025-05-21 15:00:00,137796.58,137845.2,137538.34,137684.19,0.0,0.0,0.0
2025-05-21 16:00:00,137677.12,137971.55,137660.11,137778.17,0.0,0.0,0.0
2025-05-22 10:00:00,137881.27,138294.02,137341.81,137511.56,0.0,0.0,0.0
2025-05-22 11:00:00,137484.77,138018.3,137471.48,138018.3,0.0,0.0,0.0
2025-05-22 12:00:00,137997.31,138066.23,137695.12,137746.77,0.0,0.0,0.0
2025-05-22 13:00:00,137760.36,138083.41,137729.95,137809.62,0.0,0.0,0.0
2025-05-22 14:00:00,137789.52,138837.08,137789.52,138649.33,0.0,0.0,0.0
2025-05-22 15:00:00,138630.28,138643.91,137302.95,137305.86,0.0,0.0,0.0
2025-05-22 16:00:00,137141.48,137734.38,137087.95,137478.16,0.0,0.0,0.0
2025-05-23 10:00:00,137272.59,137272.59,134997.3,135895.14,0.0,0.0,0.0
2025-05-23 11:00:00,135874.34,137058.78,135874.34,136902.66,0.0,0.0,0.0
2025-05-23 12:00:00,136919.03,137295.12,136827.61,137089.42,0.0,0.0,0.0
2025-05-23 13:00:00,137119.94,137663.3,137119.94,137232.45,0.0,0.0,0.0
2025-05-23 14:00:00,137216.61,137449.06,136886.19,137213.92,0.0,0.0,0.0
2025-05-23 15:00:00,137130.77,137662.2,137039.56,137494.95,0.0,0.0,0.0
2025-05-23 16:00:00,137516.44,137667.25,137354.0,137623.11,0.0,0.0,0.0
2025-05-26 10:00:00,137823.98,138799.69,137823.98,138485.05,0.0,0.0,0.0
2025-05-26 11:00:00,138417.5,138482.7,137941.14,138074.92,0.0,0.0,0.0
2025-05-26 12:00:00,138094.39,138206.34,137794.97,137951.95,0.0,0.0,0.0
2025-05-26 13:00:00,137958.88,138114.45,137928.7,137983.66,0.0,0.0,0.0
2025-05-26 14:00:00,137956.59,138228.5,137921.56,138208.05,0.0,0.0,0.0
2025-05-26 15:00:00,138194.69,138231.88,138081.2,138123.66,0.0,0.0,0.0
2025-05-26 16:00:00,138113.27,138345.12,138102.23,138132.56,0.0,0.0,0.0
2025-05-27 10:00:00,138136.48,140075.88,138136.48,139625.91,0.0,0.0,0.0
2025-05-27 11:00:00,139612.39,140381.94,139612.39,139893.73,0.0,0.0,0.0
2025-05-27 12:00:00,139916.3,139916.3,139511.19,139543.66,0.0,0.0,0.0
2025-05-27 13:00:00,139559.66,139769.16,139415.23,139442.09,0.0,0.0,0.0
2025-05-27 14:00:00,139430.06,139879.8,139408.64,139808.95,0.0,0.0,0.0
2025-05-27 15:00:00,139798.31,139896.88,139554.14,139562.19,0.0,0.0,0.0
2025-05-27 16:00:00,139578.77,139690.81,139465.67,139618.44,0.0,0.0,0.0
2025-05-28 10:00:00,139541.23,139546.94,138796.59,139046.09,0.0,0.0,0.0
2025-05-28 11:00:00,139052.03,139155.16,138803.17,139090.38,0.0,0.0,0.0
2025-05-28 12:00:00,139088.34,139119.33,138579.91,138696.34,0.0,0.0,0.0
2025-05-28 13:00:00,138706.16,138773.02,138609.48,138715.81,0.0,0.0,0.0
2025-05-28 14:00:00,138681.55,139163.84,138669.12,138935.02,0.0,0.0,0.0
2025-05-28 15:00:00,138946.92,139119.42,138849.69,139075.0,0.0,0.0,0.0
2025-05-28 16:00:00,139041.56,139092.31,138913.38,139059.45,0.0,0.0,0.0
2025-05-29 10:00:00,138868.55,139094.45,138172.81,138379.23,0.0,0.0,0.0
2025-05-29 11:00:00,138319.94,138949.84,138266.73,138731.75,0.0,0.0,0.0
2025-05-29 12:00:00,138724.25,138753.27,138040.06,138040.06,0.0,0.0,0.0
2025-05-29 13:00:00,138047.27,138421.84,137993.33,138353.7,0.0,0.0,0.0
2025-05-29 14:00:00,138349.31,138980.05,138294.08,138808.2,0.0,0.0,0.0
2025-05-29 15:00:00,138817.2,139108.27,138749.5,138753.89,0.0,0.0,0.0
2025-05-29 16:00:00,138755.19,138911.12,138523.55,138564.58,0.0,0.0,0.0
2025-05-30 10:00:00,138546.16,138637.34,137312.38,137410.91,0.0,0.0,0.0
2025-05-30 11:00:00,137383.5,137390.62,136923.44,137124.94,0.0,0.0,0.0
2025-05-30 12:00:00,137158.64,137381.91,137066.08,137117.64,0.0,0.0,0.0
2025-05-30 13:00:00,137108.66,137164.34,136725.84,137043.67,0.0,0.0,0.0
2025-05-30 14:00:00,137051.94,137438.97,137022.84,137281.44,0.0,0.0,0.0
2025-05-30 15:00:00,137290.86,137627.77,137202.89,137233.22,0.0,0.0,0.0
2025-05-30 16:00:00,137276.27,137410.56,137051.3,137120.39,0.0,0.0,0.0
2025-06-02 10:00:00,137026.44,138471.09,137026.23,137347.16,0.0,0.0,0.0
2025-06-02 11:00:00,137308.05,137389.05,137046.38,137109.98,0.0,0.0,0.0
2025-06-02 12:00:00,137099.7,137250.84,136879.7,136900.91,0.0,0.0,0.0
2025-06-02 13:00:00,136875.77,136964.66,136596.16,136745.42,0.0,0.0,0.0
2025-06-02 14:00:00,136747.59,136768.36,136507.62,136619.92,0.0,0.0,0.0
2025-06-02 15:00:00,136630.78,136861.39,136482.88,136773.91,0.0,0.0,0.0
2025-06-02 16:00:00,136754.8,136827.16,136576.41,136576.41,0.0,0.0,0.0
2025-06-03 10:00:00,136786.75,136788.3,136174.84,136289.14,0.0,0.0,0.0
2025-06-03 11:00:00,136445.97,137114.55,136297.45,137069.38,0.0,0.0,0.0
2025-06-03 12:00:00,137053.27,137349.94,136853.78,137335.62,0.0,0.0,0.0
2025-06-03 13:00:00,137331.3,137331.3,137055.41,137096.12,0.0,0.0,0.0
2025-06-03 14:00:00,137146.84,137496.53,137048.27,137441.72,0.0,0.0,0.0
2025-06-03 15:00:00,137421.64,137672.31,137254.42,137470.53,0.0,0.0,0.0
2025-06-03 16:00:00,137478.02,137538.44,137394.19,137507.62,0.0,0.0,0.0
2025-06-04 10:00:00,137547.09,138650.34,137547.09,138322.09,0.0,0.0,0.0
2025-06-04 11:00:00,138316.45,138796.91,137853.67,137892.36,0.0,0.0,0.0
2025-06-04 12:00:00,137879.3,138020.7,137376.98,137394.69,0.0,0.0,0.0
2025-06-04 13:00:00,137408.02,137489.06,137179.19,137241.38,0.0,0.0,0.0
2025-06-04 14:00:00,137252.34,137337.55,136976.39,137008.47,0.0,0.0,0.0
2025-06-04 15:00:00,137011.06,137056.73,136695.48,136842.42,0.0,0.0,0.0
2025-06-04 16:00:00,136865.91,136963.12,136798.56,136841.67,0.0,0.0,0.0
2025-06-05 10:00:00,137002.83,137451.31,136924.88,137070.73,0.0,0.0,0.0
2025-06-05 11:00:00,137111.73,137111.73,136623.77,136915.28,0.0,0.0,0.0
2025-06-05 12:00:00,136915.42,137330.48,136915.42,137219.94,0.0,0.0,0.0
2025-06-05 13:00:00,137218.81,137263.88,137009.55,137142.66,0.0,0.0,0.0
2025-06-05 14:00:00,137131.56,137171.38,136710.14,136729.83,0.0,0.0,0.0
2025-06-05 15:00:00,136739.97,136739.97,136030.75,136303.41,0.0,0.0,0.0
2025-06-05 16:00:00,136309.41,136443.42,136172.52,136226.09,0.0,0.0,0.0
2025-06-06 10:00:00,136236.38,136878.61,136232.19,136733.28,0.0,0.0,0.0
2025-06-06 11:00:00,136745.97,136847.77,135869.12,135869.12,0.0,0.0,0.0
2025-06-06 12:00:00,135882.62,136412.52,135842.31,136412.52,0.0,0.0,0.0
2025-06-06 13:00:00,136390.95,136390.95,135798.83,135798.83,0.0,0.0,0.0
2025-06-06 14:00:00,135826.42,136182.81,135762.94,135867.67,0.0,0.0,0.0
2025-06-06 15:00:00,135872.22,135990.95,135722.81,135742.91,0.0,0.0,0.0
2025-06-06 16:00:00,135746.78,136258.19,135600.86,136131.95,0.0,0.0,0.0
2025-06-09 10:00:00,136102.39,136105.81,134118.64,134118.64,0.0,0.0,0.0
2025-06-09 11:00:00,134152.14,134786.89,134152.14,134712.27,0.0,0.0,0.0
2025-06-09 12:00:00,134741.62,135369.27,134741.62,135289.09,0.0,0.0,0.0
2025-06-09 13:00:00,135290.59,135690.84,135163.58,135455.92,0.0,0.0,0.0
2025-06-09 14:00:00,135452.69,135788.39,135452.69,135692.8,0.0,0.0,0.0
2025-06-09 15:00:00,135669.55,135987.44,135621.91,135883.91,0.0,0.0,0.0
2025-06-09 16:00:00,135870.05,135918.44,135638.31,135655.06,0.0,0.0,0.0
2025-06-10 10:00:00,135716.02,136906.34,135716.02,136811.94,0.0,0.0,0.0
2025-06-10 11:00:00,136860.2,137369.34,136790.34,136871.53,0.0,0.0,0.0
2025-06-10 12:00:00,136605.22,136999.81,136605.22,136999.81,0.0,0.0,0.0
2025-06-10 13:00:00,136991.42,137155.91,136659.41,136843.45,0.0,0.0,0.0
2025-06-10 14:00:00,136836.56,137067.09,136487.08,136550.05,0.0,0.0,0.0
2025-06-10 15:00:00,136550.25,136574.8,136290.95,136391.73,0.0,0.0,0.0
2025-06-10 16:00:00,136412.34,136589.2,136374.94,136553.84,0.0,0.0,0.0
2025-06-11 10:00:00,136443.36,136552.12,135627.75,136527.62,0.0,0.0,0.0
2025-06-11 11:00:00,136553.66,137033.56,136375.2,136375.2,0.0,0.0,0.0
2025-06-11 12:00:00,136397.59,136753.7,135940.73,136737.8,0.0,0.0,0.0
2025-06-11 13:00:00,136685.12,136886.78,136514.12,136820.73,0.0,0.0,0.0
2025-06-11 14:00:00,136864.8,137526.17,136855.38,137292.16,0.0,0.0,0.0
2025-06-11 15:00:00,137293.95,137410.62,137011.66,137262.72,0.0,0.0,0.0
2025-06-11 16:00:00,137237.31,137278.44,136869.69,137179.7,0.0,0.0,0.0
2025-06-12 10:00:00,137108.05,137108.05,136175.44,136948.22,0.0,0.0,0.0
2025-06-12 11:00:00,136941.67,137529.48,136929.97,137091.41,0.0,0.0,0.0
2025-06-12 12:00:00,137072.78,137484.92,137038.75,137353.94,0.0,0.0,0.0
2025-06-12 13:00:00,137378.84,137435.69,137125.75,137245.62,0.0,0.0,0.0
2025-06-12 14:00:00,137282.12,137376.06,137068.92,137291.48,0.0,0.0,0.0
2025-06-12 15:00:00,137292.62,137573.34,137292.62,137567.7,0.0,0.0,0.0
2025-06-12 16:00:00,137541.36,137931.05,137509.55,137824.81,0.0,0.0,0.0
2025-06-13 10:00:00,137799.55,137799.95,137057.64,137188.84,0.0,0.0,0.0
2025-06-13 11:00:00,137179.48,137311.28,136585.91,137063.75,0.0,0.0,0.0
2025-06-13 12:00:00,137083.84,137552.16,137076.81,137272.81,0.0,0.0,0.0
2025-06-13 13:00:00,137277.34,137665.48,137159.92,137633.59,0.0,0.0,0.0
2025-06-13 14:00:00,137629.27,137748.52,137373.25,137546.7,0.0,0.0,0.0
2025-06-13 15:00:00,137539.98,137539.98,137065.02,137474.27,0.0,0.0,0.0
2025-06-13 16:00:00,137507.34,137599.41,137348.58,137516.31,0.0,0.0,0.0
2025-06-16 10:00:00,137212.47,139660.34,137212.47,139440.42,0.0,0.0,0.0
2025-06-16 11:00:00,139426.83,139941.17,139251.41,139920.89,0.0,0.0,0.0
2025-06-16 12:00:00,139929.98,139988.36,139695.53,139822.44,0.0,0.0,0.0
2025-06-16 13:00:00,139868.3,139954.5,139709.44,139859.91,0.0,0.0,0.0
2025-06-16 14:00:00,139875.12,139913.69,139615.58,139636.19,0.0,0.0,0.0
2025-06-16 15:00:00,139640.91,139786.31,139581.7,139639.31,0.0,0.0,0.0
2025-06-16 16:00:00,139570.81,139671.48,139382.62,139479.89,0.0,0.0,0.0
2025-06-17 10:00:00,139255.91,139496.64,139144.17,139295.23,0.0,0.0,0.0
2025-06-17 11:00:00,139288.73,139354.39,138759.92,138813.34,0.0,0.0,0.0
2025-06-17 12:00:00,138814.81,138831.19,138397.52,138529.81,0.0,0.0,0.0
2025-06-17 13:00:00,138548.83,138730.62,138293.11,138384.44,0.0,0.0,0.0
2025-06-17 14:00:00,138412.91,138626.98,138385.22,138573.0,0.0,0.0,0.0
2025-06-17 15:00:00,138501.02,138705.09,138480.31,138659.12,0.0,0.0,0.0
2025-06-17 16:00:00,138656.56,138864.72,138425.34,138716.16,0.0,0.0,0.0
2025-06-18 10:00:00,138843.66,139026.02,138443.11,138443.11,0.0,0.0,0.0
2025-06-18 11:00:00,138458.28,139049.98,138458.28,138993.53,0.0,0.0,0.0
2025-06-18 12:00:00,138845.36,138861.44,138645.3,138729.8,0.0,0.0,0.0
2025-06-18 13:00:00,138780.86,139051.08,138582.02,138921.92,0.0,0.0,0.0
2025-06-18 14:00:00,138919.97,139160.55,138763.81,138932.95,0.0,0.0,0.0
2025-06-18 15:00:00,139016.2,139102.09,138555.28,138586.55,0.0,0.0,0.0
2025-06-18 16:00:00,138611.5,138714.3,138475.89,138625.8,0.0,0.0,0.0
2025-06-20 10:00:00,138715.27,138719.09,137504.22,137639.62,0.0,0.0,0.0
2025-06-20 11:00:00,137671.19,137790.92,136918.14,136975.09,0.0,0.0,0.0
2025-06-20 12:00:00,136951.02,137269.62,136814.52,137251.66,0.0,0.0,0.0
2025-06-20 13:00:00,137246.86,137697.48,137246.86,137283.7,0.0,0.0,0.0
2025-06-20 14:00:00,137269.55,137379.52,136936.98,137018.55,0.0,0.0,0.0
2025-06-20 15:00:00,137007.09,137244.03,136869.41,137103.62,0.0,0.0,0.0
2025-06-20 16:00:00,137101.8,137166.25,137004.59,137141.19,0.0,0.0,0.0
2025-06-23 10:00:00,137115.66,137130.12,136302.62,136377.2,0.0,0.0,0.0
2025-06-23 11:00:00,136399.36,136652.12,136269.12,136616.42,0.0,0.0,0.0
2025-06-23 12:00:00,136581.06,136581.06,136243.73,136243.73,0.0,0.0,0.0
2025-06-23 13:00:00,136229.05,136302.91,135874.2,136059.2,0.0,0.0,0.0
2025-06-23 14:00:00,136031.77,136339.95,135835.25,136339.95,0.0,0.0,0.0
2025-06-23 15:00:00,136329.16,136447.53,136117.48,136258.16,0.0,0.0,0.0
2025-06-23 16:00:00,136272.94,136347.27,136182.95,136239.09,0.0,0.0,0.0
2025-06-24 10:00:00,136552.19,137152.45,136253.69,136812.91,0.0,0.0,0.0
2025-06-24 11:00:00,136785.05,137774.7,136785.05,137694.94,0.0,0.0,0.0
2025-06-24 12:00:00,137811.64,138156.23,137811.64,138066.41,0.0,0.0,0.0
2025-06-24 13:00:00,138027.59,138045.78,137855.05,137855.05,0.0,0.0,0.0
2025-06-24 14:00:00,137824.23,137980.62,137729.83,137980.62,0.0,0.0,0.0
2025-06-24 15:00:00,137930.75,137962.91,137113.81,137267.53,0.0,0.0,0.0
2025-06-24 16:00:00,137241.44,137469.8,137241.44,137362.73,0.0,0.0,0.0
2025-06-25 10:00:00,137162.55,137162.55,135961.86,136120.77,0.0,0.0,0.0
2025-06-25 11:00:00,136148.58,136450.45,135979.73,136112.91,0.0,0.0,0.0
2025-06-25 12:00:00,136087.64,136087.64,135564.69,135957.27,0.0,0.0,0.0
2025-06-25 13:00:00,135932.75,136227.83,135932.75,136118.64,0.0,0.0,0.0
2025-06-25 14:00:00,136121.84,136150.52,135842.06,135897.94,0.0,0.0,0.0
2025-06-25 15:00:00,135906.27,135956.98,135644.61,135818.02,0.0,0.0,0.0
2025-06-25 16:00:00,135817.22,135996.19,135746.59,135807.75,0.0,0.0,0.0
2025-06-26 10:00:00,135767.3,136817.28,135761.98,136594.84,0.0,0.0,0.0
2025-06-26 11:00:00,136614.91,137127.39,136541.48,137003.61,0.0,0.0,0.0
2025-06-26 12:00:00,137008.41,137199.16,136947.75,137137.12,0.0,0.0,0.0
2025-06-26 13:00:00,137101.66,137352.98,137009.95,137184.81,0.0,0.0,0.0
2025-06-26 14:00:00,137166.02,137248.77,137013.19,137013.19,0.0,0.0,0.0
2025-06-26 15:00:00,137036.66,137156.8,136977.3,137126.8,0.0,0.0,0.0
2025-06-26 16:00:00,137117.66,137197.3,136980.2,137197.3,0.0,0.0,0.0
2025-06-27 10:00:00,137112.88,137112.88,136468.56,136908.47,0.0,0.0,0.0
2025-06-27 11:00:00,136836.66,137156.52,136697.12,136805.7,0.0,0.0,0.0
2025-06-27 12:00:00,136812.19,137144.48,136625.77,137031.83,0.0,0.0,0.0
2025-06-27 13:00:00,137038.38,137208.56,136964.72,136977.81,0.0,0.0,0.0
2025-06-27 14:00:00,136981.77,137093.88,136725.95,136903.19,0.0,0.0,0.0
2025-06-27 15:00:00,136884.84,136984.05,136603.69,136682.27,0.0,0.0,0.0
2025-06-27 16:00:00,136667.31,136946.55,136605.7,136946.55,0.0,0.0,0.0
2025-06-30 10:00:00,136865.19,138021.95,136429.88,137940.0,0.0,0.0,0.0
2025-06-30 11:00:00,137959.58,138086.48,137772.27,138080.75,0.0,0.0,0.0
2025-06-30 12:00:00,138046.44,138264.69,137889.67,138073.44,0.0,0.0,0.0
2025-06-30 13:00:00,138110.66,138299.8,137996.91,138277.47,0.0,0.0,0.0
2025-06-30 14:00:00,138342.05,138724.62,138243.55,138641.23,0.0,0.0,0.0
2025-06-30 15:00:00,138655.52,138982.52,138557.23,138935.58,0.0,0.0,0.0
2025-06-30 16:00:00,138937.89,139102.75,138799.56,138932.05,0.0,0.0,0.0
2025-07-01 10:00:00,138854.89,139622.02,138854.89,139133.22,0.0,0.0,0.0
2025-07-01 11:00:00,139130.69,139225.7,138936.38,139153.02,0.0,0.0,0.0
2025-07-01 12:00:00,139152.7,139289.91,138949.48,139141.88,0.0,0.0,0.0
2025-07-01 13:00:00,139152.41,139611.84,139152.41,139347.42,0.0,0.0,0.0
2025-07-01 14:00:00,139331.55,139614.47,139331.55,139579.39,0.0,0.0,0.0
2025-07-01 15:00:00,139593.27,139686.19,139502.33,139673.91,0.0,0.0,0.0
2025-07-01 16:00:00,139695.23,139695.23,139556.52,139680.09,0.0,0.0,0.0
2025-07-02 10:00:00,139585.95,140048.83,138485.92,138573.56,0.0,0.0,0.0
2025-07-02 11:00:00,138632.91,138870.23,138383.55,138761.44,0.0,0.0,0.0
2025-07-02 12:00:00,138766.16,139231.45,138674.48,138984.12,0.0,0.0,0.0
2025-07-02 13:00:00,138914.5,139269.12,138863.39,139207.12,0.0,0.0,0.0
2025-07-02 14:00:00,139209.77,139525.98,139128.84,139321.12,0.0,0.0,0.0
2025-07-02 15:00:00,139320.22,139357.41,138920.05,139027.91,0.0,0.0,0.0
2025-07-02 16:00:00,139104.7,139235.2,139049.5,139142.12,0.0,0.0,0.0
2025-07-03 10:00:00,139050.94,141054.94,139050.94,140912.95,0.0,0.0,0.0
2025-07-03 11:00:00,140938.94,141116.95,140578.92,140628.42,0.0,0.0,0.0
2025-07-03 12:00:00,140518.91,141007.47,140488.88,140851.11,0.0,0.0,0.0
2025-07-03 13:00:00,140859.81,141229.69,140838.16,141229.69,0.0,0.0,0.0
2025-07-03 14:00:00,141198.81,141300.91,141092.38,141249.33,0.0,0.0,0.0
2025-07-03 15:00:00,141279.0,141303.55,141108.34,141182.81,0.0,0.0,0.0
2025-07-03 16:00:00,141175.55,141213.81,141052.48,141105.31,0.0,0.0,0.0
2025-07-04 10:00:00,140927.86,140994.47,140596.75,140955.72,0.0,0.0,0.0
2025-07-04 11:00:00,140984.88,141330.19,140984.88,141147.56,0.0,0.0,0.0
2025-07-04 12:00:00,141110.05,141452.91,141044.44,141230.06,0.0,0.0,0.0
2025-07-04 13:00:00,141240.25,141371.16,141194.31,141194.31,0.0,0.0,0.0
2025-07-04 14:00:00,141183.69,141477.88,141183.69,141455.92,0.0,0.0,0.0
2025-07-04 15:00:00,141466.72,141563.84,141407.23,141425.5,0.0,0.0,0.0
2025-07-04 16:00:00,141415.23,141561.8,141330.45,141368.94,0.0,0.0,0.0
2025-07-07 10:00:00,141265.2,141341.73,140629.58,140668.19,0.0,0.0,0.0
2025-07-07 11:00:00,140664.47,140677.77,140223.7,140387.78,0.0,0.0,0.0
2025-07-07 12:00:00,140339.91,140339.91,139809.41,139862.66,0.0,0.0,0.0
2025-07-07 13:00:00,139874.81,139928.91,139442.36,139442.36,0.0,0.0,0.0
2025-07-07 14:00:00,139427.94,139574.77,139294.84,139513.81,0.0,0.0,0.0
2025-07-07 15:00:00,139510.34,139603.02,139344.27,139530.59,0.0,0.0,0.0
2025-07-07 16:00:00,139525.83,139565.72,139395.7,139530.08,0.0,0.0,0.0
2025-07-08 10:00:00,139491.38,139590.92,139012.98,139355.34,0.0,0.0,0.0
2025-07-08 11:00:00,139366.05,139503.27,139046.48,139318.53,0.0,0.0,0.0
2025-07-08 12:00:00,139317.27,139489.69,139126.28,139239.44,0.0,0.0,0.0
2025-07-08 13:00:00,139179.8,139261.94,138770.19,139136.69,0.0,0.0,0.0
2025-07-08 14:00:00,139129.53,139271.62,139058.66,139204.67,0.0,0.0,0.0
2025-07-08 15:00:00,139205.06,139393.8,139097.73,139145.73,0.0,0.0,0.0
2025-07-08 16:00:00,139186.78,139204.94,138964.25,139029.66,0.0,0.0,0.0
2025-07-09 10:00:00,139302.84,139330.7,138328.2,138396.58,0.0,0.0,0.0
2025-07-09 11:00:00,138346.77,138480.98,138020.2,138026.75,0.0,0.0,0.0
2025-07-09 12:00:00,138053.56,138154.48,137857.02,138095.05,0.0,0.0,0.0
2025-07-09 13:00:00,138101.58,138121.44,137952.42,137995.45,0.0,0.0,0.0
2025-07-09 14:00:00,138058.55,138135.81,137406.69,137668.95,0.0,0.0,0.0
2025-07-09 15:00:00,137675.06,137744.23,137593.73,137647.31,0.0,0.0,0.0
2025-07-09 16:00:00,137625.12,137644.94,137299.05,137448.83,0.0,0.0,0.0
2025-07-10 10:00:00,137471.88,137471.88,136014.47,136383.91,0.0,0.0,0.0
2025-07-10 11:00:00,136381.12,136669.05,136159.34,136571.33,0.0,0.0,0.0
2025-07-10 12:00:00,136607.59,136719.84,136356.94,136569.72,0.0,0.0,0.0
2025-07-10 13:00:00,136586.72,137032.55,136577.98,136744.52,0.0,0.0,0.0
2025-07-10 14:00:00,136755.55,136929.17,136524.38,136687.0,0.0,0.0,0.0
2025-07-10 15:00:00,136686.88,136862.3,136531.36,136749.98,0.0,0.0,0.0
2025-07-10 16:00:00,136789.95,136997.14,136789.95,136842.38,0.0,0.0,0.0
2025-07-11 10:00:00,136741.69,136741.88,135666.0,135829.69,0.0,0.0,0.0
2025-07-11 11:00:00,135837.5,136377.86,135685.02,136062.08,0.0,0.0,0.0
2025-07-11 12:00:00,136087.95,136112.05,135597.48,135779.08,0.0,0.0,0.0
2025-07-11 13:00:00,135776.64,135776.64,135528.06,135633.89,0.0,0.0,0.0
2025-07-11 14:00:00,135605.8,135944.16,135581.59,135932.23,0.0,0.0,0.0
2025-07-11 15:00:00,135976.16,136193.95,135931.95,136137.91,0.0,0.0,0.0
2025-07-11 16:00:00,136149.03,136195.33,136065.19,136126.8,0.0,0.0,0.0
2025-07-14 10:00:00,136186.67,136186.67,135120.44,135523.06,0.0,0.0,0.0
2025-07-14 11:00:00,135511.91,135515.45,134839.69,135018.11,0.0,0.0,0.0
2025-07-14 12:00:00,135025.16,135396.91,134999.27,135240.06,0.0,0.0,0.0
2025-07-14 13:00:00,135239.08,135386.52,135038.53,135368.12,0.0,0.0,0.0
2025-07-14 14:00:00,135368.89,135381.19,135017.2,135105.53,0.0,0.0,0.0
2025-07-14 15:00:00,135108.41,135284.95,135108.41,135236.06,0.0,0.0,0.0
2025-07-14 16:00:00,135217.45,135341.05,135142.28,135304.66,0.0,0.0,0.0
2025-07-15 10:00:00,135298.22,136021.52,134553.81,134907.81,0.0,0.0,0.0
2025-07-15 11:00:00,134941.38,134972.81,134560.69,134826.91,0.0,0.0,0.0
2025-07-15 12:00:00,134835.61,135022.86,134403.61,134717.12,0.0,0.0,0.0
2025-07-15 13:00:00,134762.88,134861.48,134380.16,134841.84,0.0,0.0,0.0
2025-07-15 14:00:00,134827.33,135458.23,134827.33,135404.31,0.0,0.0,0.0
2025-07-15 15:00:00,135376.8,135594.69,135216.62,135237.17,0.0,0.0,0.0
2025-07-15 16:00:00,135238.08,135390.34,135213.55,135354.69,0.0,0.0,0.0
2025-07-16 10:00:00,135250.09,135478.19,134714.3,134815.94,0.0,0.0,0.0
2025-07-16 11:00:00,134819.66,135065.0,134469.14,134510.55,0.0,0.0,0.0
2025-07-16 12:00:00,134465.38,134700.67,134265.3,134617.14,0.0,0.0,0.0
2025-07-16 13:00:00,134587.53,134658.09,134507.67,134658.09,0.0,0.0,0.0
2025-07-16 14:00:00,134689.53,135420.59,134689.53,135418.0,0.0,0.0,0.0
2025-07-16 15:00:00,135410.84,135597.33,134938.7,135558.27,0.0,0.0,0.0
2025-07-16 16:00:00,135563.45,135640.67,135438.69,135441.28,0.0,0.0,0.0
2025-07-17 10:00:00,135515.23,135528.27,135016.25,135210.11,0.0,0.0,0.0
2025-07-17 11:00:00,135204.28,135764.14,135061.77,135700.81,0.0,0.0,0.0
2025-07-17 12:00:00,135721.56,135792.48,135338.38,135519.58,0.0,0.0,0.0
2025-07-17 13:00:00,135523.89,135523.89,135158.91,135252.7,0.0,0.0,0.0
2025-07-17 14:00:00,135243.25,135438.0,135127.12,135232.52,0.0,0.0,0.0
2025-07-17 15:00:00,135235.34,135645.38,135047.7,135619.92,0.0,0.0,0.0
2025-07-17 16:00:00,135618.62,135690.42,135541.02,135622.56,0.0,0.0,0.0
2025-07-18 10:00:00,135562.45,135562.45,134529.92,134939.19,0.0,0.0,0.0
2025-07-18 11:00:00,134936.2,135184.48,134639.62,134693.47,0.0,0.0,0.0
2025-07-18 12:00:00,134690.77,134865.06,134029.23,134031.88,0.0,0.0,0.0
2025-07-18 13:00:00,134037.77,134046.95,133622.16,133637.56,0.0,0.0,0.0
2025-07-18 14:00:00,133625.84,133627.5,133353.14,133554.77,0.0,0.0,0.0
2025-07-18 15:00:00,133560.94,133704.41,133295.59,133387.31,0.0,0.0,0.0
2025-07-18 16:00:00,133387.19,133461.06,133315.09,133364.27,0.0,0.0,0.0
2025-07-21 10:00:00,133383.2,134409.45,133367.36,134156.84,0.0,0.0,0.0
2025-07-21 11:00:00,134127.2,134624.14,133990.11,134586.7,0.0,0.0,0.0
2025-07-21 12:00:00,134567.47,134818.52,134530.52,134758.58,0.0,0.0,0.0
2025-07-21 13:00:00,134737.08,134864.53,134627.33,134771.53,0.0,0.0,0.0
2025-07-21 14:00:00,134769.56,134817.62,134161.52,134187.23,0.0,0.0,0.0
2025-07-21 15:00:00,134181.38,134283.95,134038.84,134189.19,0.0,0.0,0.0
2025-07-21 16:00:00,134198.59,134296.31,134052.5,134096.8,0.0,0.0,0.0
2025-07-22 10:00:00,134179.52,135300.3,134179.52,135014.27,0.0,0.0,0.0
2025-07-22 11:00:00,135014.12,135282.16,134842.11,135144.73,0.0,0.0,0.0
2025-07-22 12:00:00,135145.06,135267.55,134904.38,135086.89,0.0,0.0,0.0
2025-07-22 13:00:00,135055.88,135055.88,134618.62,134833.28,0.0,0.0,0.0
2025-07-22 14:00:00,134825.81,134825.81,134314.38,134322.95,0.0,0.0,0.0
2025-07-22 15:00:00,134297.48,134297.48,134081.05,134130.66,0.0,0.0,0.0
2025-07-22 16:00:00,134134.3,134206.11,133986.03,134015.09,0.0,0.0,0.0
2025-07-23 10:00:00,134035.97,134920.19,133676.27,134522.88,0.0,0.0,0.0
2025-07-23 11:00:00,134574.44,135094.56,134574.44,134939.39,0.0,0.0,0.0
2025-07-23 12:00:00,134941.47,135349.94,134849.02,135253.09,0.0,0.0,0.0
2025-07-23 13:00:00,135279.73,135500.72,135177.41,135409.95,0.0,0.0,0.0
2025-07-23 14:00:00,135408.38,135590.09,135408.38,135454.89,0.0,0.0,0.0
2025-07-23 15:00:00,135462.89,135782.0,135395.91,135762.86,0.0,0.0,0.0
2025-07-23 16:00:00,135704.59,135734.48,135475.95,135507.59,0.0,0.0,0.0
2025-07-24 10:00:00,135356.88,135362.58,133685.14,133761.05,0.0,0.0,0.0
2025-07-24 11:00:00,133741.66,134318.09,133647.84,134137.47,0.0,0.0,0.0
2025-07-24 12:00:00,134128.75,134226.02,133842.62,133952.75,0.0,0.0,0.0
2025-07-24 13:00:00,133963.8,134170.88,133700.28,133833.31,0.0,0.0,0.0
2025-07-24 14:00:00,133839.62,133981.52,133763.5,133763.5,0.0,0.0,0.0
2025-07-24 15:00:00,133766.16,133858.5,133696.94,133696.94,0.0,0.0,0.0
2025-07-24 16:00:00,133708.97,133810.56,133693.48,133736.98,0.0,0.0,0.0
2025-07-25 10:00:00,133819.95,134204.42,133605.09,133612.75,0.0,0.0,0.0
2025-07-25 11:00:00,133644.12,133975.0,133545.64,133545.64,0.0,0.0,0.0
2025-07-25 12:00:00,133575.48,133649.88,133345.16,133439.59,0.0,0.0,0.0
2025-07-25 13:00:00,133391.81,133874.56,133391.81,133837.42,0.0,0.0,0.0
2025-07-25 14:00:00,133831.09,133889.27,133413.72,133413.72,0.0,0.0,0.0
2025-07-25 15:00:00,133400.0,133597.95,133285.09,133452.44,0.0,0.0,0.0
2025-07-25 16:00:00,133466.09,133577.59,133406.28,133525.7,0.0,0.0,0.0
2025-07-28 10:00:00,133537.53,133901.7,132437.22,132459.45,0.0,0.0,0.0
2025-07-28 11:00:00,132513.12,132805.09,132367.27,132665.03,0.0,0.0,0.0
2025-07-28 12:00:00,132661.8,132661.8,132366.55,132388.39,0.0,0.0,0.0
2025-07-28 13:00:00,132411.3,132509.81,132256.62,132281.89,0.0,0.0,0.0
2025-07-28 14:00:00,132297.92,132297.92,131780.27,131849.41,0.0,0.0,0.0
2025-07-28 15:00:00,131850.69,131850.69,131550.39,131707.92,0.0,0.0,0.0
2025-07-28 16:00:00,131738.69,132098.12,131694.67,132095.27,0.0,0.0,0.0
2025-07-29 10:00:00,132129.8,132641.41,132129.8,132497.14,0.0,0.0,0.0
2025-07-29 11:00:00,132468.47,133028.09,132435.3,132842.48,0.0,0.0,0.0
2025-07-29 12:00:00,132834.02,133165.06,132808.23,133165.06,0.0,0.0,0.0
2025-07-29 13:00:00,133162.11,133314.2,133097.3,133282.95,0.0,0.0,0.0
2025-07-29 14:00:00,133284.72,133345.7,133035.81,133092.41,0.0,0.0,0.0
2025-07-29 15:00:00,133115.11,133190.81,132991.77,133079.55,0.0,0.0,0.0
2025-07-29 16:00:00,133072.11,133090.06,132673.3,132825.64,0.0,0.0,0.0
2025-07-30 10:00:00,132702.23,133381.55,132026.95,132682.09,0.0,0.0,0.0
2025-07-30 11:00:00,132684.91,132770.48,132080.12,132171.88,0.0,0.0,0.0
2025-07-30 12:00:00,132168.78,132437.98,132037.94,132195.98,0.0,0.0,0.0
2025-07-30 13:00:00,132185.25,132521.31,131882.73,132414.41,0.0,0.0,0.0
2025-07-30 14:00:00,132488.89,132783.33,132441.45,132599.14,0.0,0.0,0.0
2025-07-30 15:00:00,132594.3,134367.55,132084.66,133607.42,0.0,0.0,0.0
2025-07-30 16:00:00,133620.97,134245.09,133443.73,133972.39,0.0,0.0,0.0
2025-07-31 10:00:00,133987.27,133987.27,132110.88,132890.06,0.0,0.0,0.0
2025-07-31 11:00:00,132865.83,132953.95,132536.2,132582.3,0.0,0.0,0.0
2025-07-31 12:00:00,132582.45,133448.2,132582.45,133337.69,0.0,0.0,0.0
2025-07-31 13:00:00,133319.77,133474.72,133204.77,133204.77,0.0,0.0,0.0
2025-07-31 14:00:00,133218.02,133228.52,132587.61,132746.59,0.0,0.0,0.0
2025-07-31 15:00:00,132776.66,133103.59,132599.44,133059.73,0.0,0.0,0.0
2025-07-31 16:00:00,133065.3,133138.81,132664.84,132798.25,0.0,0.0,0.0
2025-08-01 13:00:00,132919.56,133236.92,132789.36,132825.2,0.0,0.0,0.0
2025-08-01 14:00:00,132774.27,132870.39,132570.97,132752.45,0.0,0.0,0.0
2025-08-01 15:00:00,132784.34,132864.11,132172.91,132172.91,0.0,0.0,0.0
2025-08-01 16:00:00,132143.42,132462.09,132140.3,132367.53,0.0,0.0,0.0
2025-08-04 10:00:00,132439.55,133928.94,132439.55,132981.56,0.0,0.0,0.0
2025-08-04 11:00:00,133008.02,133532.84,133008.02,133313.77,0.0,0.0,0.0
2025-08-04 12:00:00,133320.84,133320.84,132790.31,132878.48,0.0,0.0,0.0
2025-08-04 13:00:00,132871.89,132879.05,132461.55,132558.44,0.0,0.0,0.0
2025-08-04 14:00:00,132544.81,132635.89,132447.11,132540.02,0.0,0.0,0.0
2025-08-04 15:00:00,132562.28,132932.0,132505.42,132773.67,0.0,0.0,0.0
2025-08-04 16:00:00,132772.44,132988.27,132758.83,132900.12,0.0,0.0,0.0
2025-08-05 10:00:00,132971.38,134232.83,132681.92,133679.33,0.0,0.0,0.0
2025-08-05 11:00:00,133715.09,133810.97,132801.52,132997.42,0.0,0.0,0.0
2025-08-05 12:00:00,132956.31,133651.52,132956.31,133615.16,0.0,0.0,0.0
2025-08-05 13:00:00,133599.98,133599.98,133088.61,133250.48,0.0,0.0,0.0
2025-08-05 14:00:00,133231.06,133799.0,133174.8,133516.44,0.0,0.0,0.0
2025-08-05 15:00:00,133508.44,133564.52,133187.53,133297.17,0.0,0.0,0.0
2025-08-05 16:00:00,133300.55,133472.16,133300.55,133356.44,0.0,0.0,0.0
2025-08-06 10:00:00,133169.05,135240.61,133169.05,135059.48,0.0,0.0,0.0
2025-08-06 11:00:00,135114.16,135114.16,134480.8,134540.5,0.0,0.0,0.0
2025-08-06 12:00:00,134562.89,135022.66,134502.8,134875.12,0.0,0.0,0.0
2025-08-06 13:00:00,134887.52,134940.02,134557.58,134588.17,0.0,0.0,0.0
2025-08-06 14:00:00,134562.25,135030.34,134562.25,134875.7,0.0,0.0,0.0
2025-08-06 15:00:00,134901.03,134941.23,134628.98,134725.69,0.0,0.0,0.0
2025-08-06 16:00:00,134746.77,134770.91,134570.23,134637.97,0.0,0.0,0.0
2025-08-07 10:00:00,134537.62,136257.56,134533.45,136159.62,0.0,0.0,0.0
2025-08-07 11:00:00,136043.73,136151.67,135723.94,136151.67,0.0,0.0,0.0
2025-08-07 12:00:00,136138.97,136427.3,136136.58,136427.3,0.0,0.0,0.0
2025-08-07 13:00:00,136433.3,136992.95,136393.06,136992.86,0.0,0.0,0.0
2025-08-07 14:00:00,136954.45,137007.28,136516.05,136716.34,0.0,0.0,0.0
2025-08-07 15:00:00,136730.95,136861.16,136592.3,136700.81,0.0,0.0,0.0
2025-08-07 16:00:00,136694.7,136817.52,136609.95,136609.95,0.0,0.0,0.0
2025-08-08 10:00:00,136526.09,136761.09,135658.7,135684.83,0.0,0.0,0.0
2025-08-08 11:00:00,135806.83,136351.16,135794.7,136277.69,0.0,0.0,0.0
2025-08-08 12:00:00,136283.95,136604.0,136162.8,136279.2,0.0,0.0,0.0
2025-08-08 13:00:00,136284.36,136299.0,136059.7,136210.38,0.0,0.0,0.0
2025-08-08 14:00:00,136193.52,136353.73,136174.03,136232.44,0.0,0.0,0.0
2025-08-08 15:00:00,136204.88,136523.34,135783.97,136029.73,0.0,0.0,0.0
2025-08-08 16:00:00,136010.05,136019.91,135763.88,135965.39,0.0,0.0,0.0
2025-08-11 10:00:00,135913.25,136052.27,135544.98,135753.61,0.0,0.0,0.0
2025-08-11 11:00:00,135731.56,135938.11,135524.19,135839.73,0.0,0.0,0.0
2025-08-11 12:00:00,135859.52,136176.86,135793.44,136176.86,0.0,0.0,0.0
2025-08-11 13:00:00,136200.08,136307.33,135674.27,135725.66,0.0,0.0,0.0
2025-08-11 14:00:00,135720.31,135756.45,135495.75,135698.95,0.0,0.0,0.0
2025-08-11 15:00:00,135684.88,135879.75,135657.38,135769.05,0.0,0.0,0.0
2025-08-11 16:00:00,135767.02,135767.02,135611.16,135719.52,0.0,0.0,0.0
2025-08-12 10:00:00,135629.09,137719.66,135629.09,137573.89,0.0,0.0,0.0
2025-08-12 11:00:00,137588.34,137940.5,137542.44,137889.69,0.0,0.0,0.0
2025-08-12 12:00:00,137897.52,138414.25,137799.86,138373.61,0.0,0.0,0.0
2025-08-12 13:00:00,138383.31,138383.31,138139.94,138303.16,0.0,0.0,0.0
2025-08-12 14:00:00,138313.05,138317.45,137954.23,138290.48,0.0,0.0,0.0
2025-08-12 15:00:00,138283.52,138283.94,138040.05,138097.69,0.0,0.0,0.0
2025-08-12 16:00:00,138082.81,138109.27,137837.02,137878.56,0.0,0.0,0.0
2025-08-13 10:00:00,137910.7,137912.91,136880.7,137259.97,0.0,0.0,0.0
2025-08-13 11:00:00,137347.19,137471.8,137071.84,137137.62,0.0,0.0,0.0
2025-08-13 12:00:00,137213.44,137378.98,136808.41,136833.95,0.0,0.0,0.0
2025-08-13 13:00:00,136816.45,136877.59,136565.56,136814.58,0.0,0.0,0.0
2025-08-13 14:00:00,136862.27,137129.16,136796.44,137019.44,0.0,0.0,0.0
2025-08-13 15:00:00,137028.73,137121.8,136713.22,136713.22,0.0,0.0,0.0
2025-08-13 16:00:00,136697.12,136762.84,136534.62,136704.66,0.0,0.0,0.0
2025-08-14 10:00:00,136681.16,136686.25,135587.94,136409.77,0.0,0.0,0.0
2025-08-14 11:00:00,136370.41,137436.73,136336.28,137271.73,0.0,0.0,0.0
2025-08-14 12:00:00,137276.72,137276.72,136891.73,137069.27,0.0,0.0,0.0
2025-08-14 13:00:00,137095.36,137159.62,136736.05,136835.52,0.0,0.0,0.0
2025-08-14 14:00:00,136840.62,136921.98,136556.91,136623.97,0.0,0.0,0.0
2025-08-14 15:00:00,136575.05,136604.0,136356.58,136584.91,0.0,0.0,0.0
2025-08-14 16:00:00,136580.8,136686.83,136424.45,136517.44,0.0,0.0,0.0
2025-08-15 10:00:00,136354.38,136380.52,135784.2,136272.06,0.0,0.0,0.0
2025-08-15 11:00:00,136286.67,136431.44,135967.02,136218.09,0.0,0.0,0.0
2025-08-15 12:00:00,136242.45,136298.84,136048.45,136078.7,0.0,0.0,0.0
2025-08-15 13:00:00,136066.44,136235.34,135717.08,135804.77,0.0,0.0,0.0
2025-08-15 14:00:00,135819.58,135914.12,135583.06,135594.06,0.0,0.0,0.0
2025-08-15 15:00:00,135609.56,135863.97,135589.88,135762.2,0.0,0.0,0.0
2025-08-15 16:00:00,135788.84,136360.95,135758.5,136239.94,0.0,0.0,0.0
2025-08-18 10:00:00,136340.59,137040.58,136340.59,136751.14,0.0,0.0,0.0
2025-08-18 11:00:00,136721.31,137612.19,136721.31,137548.14,0.0,0.0,0.0
2025-08-18 12:00:00,137584.72,137901.59,137568.62,137872.66,0.0,0.0,0.0
2025-08-18 13:00:00,137878.44,137878.44,137434.12,137434.12,0.0,0.0,0.0
2025-08-18 14:00:00,137459.66,137481.16,137204.3,137423.59,0.0,0.0,0.0
2025-08-18 15:00:00,137423.34,137558.34,137312.28,137537.38,0.0,0.0,0.0
2025-08-18 16:00:00,137546.52,137546.52,137342.22,137380.56,0.0,0.0,0.0
2025-08-19 10:00:00,137321.12,137321.12,135065.06,135229.03,0.0,0.0,0.0
2025-08-19 11:00:00,135219.91,135219.91,134649.41,134754.27,0.0,0.0,0.0
2025-08-19 12:00:00,134729.7,134758.41,134393.53,134558.19,0.0,0.0,0.0
2025-08-19 13:00:00,134533.89,134952.34,134505.77,134799.17,0.0,0.0,0.0
2025-08-19 14:00:00,134805.62,134817.48,134545.98,134646.78,0.0,0.0,0.0
2025-08-19 15:00:00,134634.75,134634.75,133996.88,134191.23,0.0,0.0,0.0
2025-08-19 16:00:00,134169.66,134314.2,134093.25,134294.77,0.0,0.0,0.0
2025-08-20 10:00:00,134430.48,134810.8,134121.67,134530.14,0.0,0.0,0.0
2025-08-20 11:00:00,134568.64,134677.16,134186.23,134260.95,0.0,0.0,0.0
2025-08-20 12:00:00,134303.98,134850.7,134276.09,134850.7,0.0,0.0,0.0
2025-08-20 13:00:00,134849.34,134908.31,134683.2,134886.03,0.0,0.0,0.0
2025-08-20 14:00:00,134892.94,134963.84,134257.2,134680.2,0.0,0.0,0.0
2025-08-20 15:00:00,134662.95,134676.8,134472.33,134535.05,0.0,0.0,0.0
2025-08-20 16:00:00,134544.2,134591.95,134410.03,134588.55,0.0,0.0,0.0
2025-08-21 10:00:00,134664.19,134828.48,133874.44,134456.33,0.0,0.0,0.0
2025-08-21 11:00:00,134419.58,134607.41,134194.78,134360.33,0.0,0.0,0.0
2025-08-21 12:00:00,134366.3,134449.05,134117.7,134142.0,0.0,0.0,0.0
2025-08-21 13:00:00,134173.14,134352.77,134066.62,134314.14,0.0,0.0,0.0
2025-08-21 14:00:00,134344.59,134776.3,134344.59,134528.19,0.0,0.0,0.0
2025-08-21 15:00:00,134543.0,134836.72,134532.91,134718.53,0.0,0.0,0.0
2025-08-21 16:00:00,134715.78,134762.59,134583.62,134689.55,0.0,0.0,0.0
2025-08-22 10:00:00,134511.48,135892.53,134511.48,135593.72,0.0,0.0,0.0
2025-08-22 11:00:00,135566.8,137503.52,135566.8,137341.95,0.0,0.0,0.0
2025-08-22 12:00:00,137354.62,137530.66,137208.91,137401.05,0.0,0.0,0.0
2025-08-22 13:00:00,137416.39,137740.33,137416.39,137535.08,0.0,0.0,0.0
2025-08-22 14:00:00,137534.19,137892.55,137428.67,137788.53,0.0,0.0,0.0
2025-08-22 15:00:00,137797.31,138071.55,137694.81,137859.62,0.0,0.0,0.0
2025-08-22 16:00:00,137853.39,137960.56,137692.73,137751.73,0.0,0.0,0.0
2025-08-25 10:00:00,137970.62,138713.66,137970.62,138289.02,0.0,0.0,0.0
2025-08-25 11:00:00,138301.38,138764.5,138122.45,138584.75,0.0,0.0,0.0
2025-08-25 12:00:00,138619.59,138890.17,138339.73,138435.8,0.0,0.0,0.0
2025-08-25 13:00:00,138440.23,138531.28,138136.66,138136.66,0.0,0.0,0.0
2025-08-25 14:00:00,138176.05,138293.73,138057.14,138131.41,0.0,0.0,0.0
2025-08-25 15:00:00,138126.98,138255.23,138047.12,138080.22,0.0,0.0,0.0
2025-08-25 16:00:00,138060.69,138192.27,138004.62,138192.27,0.0,0.0,0.0
2025-08-26 10:00:00,138025.91,138036.72,137673.78,137855.61,0.0,0.0,0.0
2025-08-26 11:00:00,137908.19,137908.19,137058.48,137322.45,0.0,0.0,0.0
2025-08-26 12:00:00,137345.95,137401.73,137132.25,137174.83,0.0,0.0,0.0
2025-08-26 13:00:00,137179.23,137286.05,137084.59,137141.97,0.0,0.0,0.0
2025-08-26 14:00:00,137142.81,137424.12,137142.81,137409.73,0.0,0.0,0.0
2025-08-26 15:00:00,137435.53,137469.2,137305.41,137420.31,0.0,0.0,0.0
2025-08-26 16:00:00,137407.48,137502.77,137354.31,137428.69,0.0,0.0,0.0
2025-08-27 10:00:00,137772.8,137991.14,137455.72,137619.12,0.0,0.0,0.0
2025-08-27 11:00:00,137575.39,137763.66,137485.06,137690.77,0.0,0.0,0.0
2025-08-27 12:00:00,137688.44,138287.91,137658.2,138021.36,0.0,0.0,0.0
2025-08-27 13:00:00,138017.45,138128.27,137904.67,138081.8,0.0,0.0,0.0
2025-08-27 14:00:00,138069.77,138561.7,138049.3,138561.7,0.0,0.0,0.0
2025-08-27 15:00:00,138559.67,138836.03,138559.67,138743.19,0.0,0.0,0.0
2025-08-27 16:00:00,138729.09,139280.98,138726.44,139177.0,0.0,0.0,0.0
2025-08-28 10:00:00,139205.81,141331.83,139205.81,141275.67,0.0,0.0,0.0
2025-08-28 11:00:00,141321.5,142138.27,141321.5,141718.55,0.0,0.0,0.0
2025-08-28 12:00:00,141749.91,141764.73,141503.02,141679.64,0.0,0.0,0.0
2025-08-28 13:00:00,141638.7,141868.48,141502.42,141705.2,0.0,0.0,0.0
2025-08-28 14:00:00,141723.7,141810.98,141543.95,141622.34,0.0,0.0,0.0
2025-08-28 15:00:00,141627.42,141774.02,141423.19,141457.12,0.0,0.0,0.0
2025-08-28 16:00:00,141444.48,141519.31,141172.81,141236.34,0.0,0.0,0.0
2025-08-29 10:00:00,141048.97,141829.02,141000.05,141660.19,0.0,0.0,0.0
2025-08-29 11:00:00,141711.44,141932.45,141574.0,141896.19,0.0,0.0,0.0
2025-08-29 12:00:00,141995.8,142378.69,141914.23,142001.34,0.0,0.0,0.0
2025-08-29 13:00:00,142010.27,142033.41,141802.88,141802.88,0.0,0.0,0.0
2025-08-29 14:00:00,141806.36,141877.73,141621.89,141748.56,0.0,0.0,0.0
2025-08-29 15:00:00,141765.12,141796.3,141579.41,141775.02,0.0,0.0,0.0
2025-08-29 16:00:00,141743.98,141769.88,141542.91,141568.52,0.0,0.0,0.0
2025-09-01 10:00:00,141423.06,141949.94,141420.3,141637.08,0.0,0.0,0.0
2025-09-01 11:00:00,141625.72,141719.81,141227.97,141263.95,0.0,0.0,0.0
2025-09-01 12:00:00,141258.8,141279.52,140950.47,141075.7,0.0,0.0,0.0
2025-09-01 13:00:00,141071.61,141076.2,140879.62,140928.84,0.0,0.0,0.0
2025-09-01 14:00:00,140900.61,140999.12,140878.3,140923.77,0.0,0.0,0.0
2025-09-01 15:00:00,140934.02,141142.3,140904.41,141038.05,0.0,0.0,0.0
2025-09-01 16:00:00,141042.84,141181.19,140984.7,141102.98,0.0,0.0,0.0
2025-09-02 10:00:00,141279.12,141279.12,139625.25,140595.27,0.0,0.0,0.0
2025-09-02 11:00:00,140576.77,141025.59,140508.17,140757.78,0.0,0.0,0.0
2025-09-02 12:00:00,140746.59,140828.56,139982.86,140263.36,0.0,0.0,0.0
2025-09-02 13:00:00,140270.34,140624.61,140238.84,140607.64,0.0,0.0,0.0
2025-09-02 14:00:00,140605.69,140669.98,140476.69,140476.69,0.0,0.0,0.0
2025-09-02 15:00:00,140480.14,140480.14,139977.52,140144.62,0.0,0.0,0.0
2025-09-02 16:00:00,140154.92,140461.69,140154.92,140410.05,0.0,0.0,0.0
2025-09-03 10:00:00,140331.62,140347.52,139810.66,139835.44,0.0,0.0,0.0
2025-09-03 11:00:00,139837.69,140495.88,139837.69,140258.94,0.0,0.0,0.0
2025-09-03 12:00:00,140247.0,140247.0,139882.81,139911.2,0.0,0.0,0.0
2025-09-03 13:00:00,139894.98,139986.3,139753.73,139813.44,0.0,0.0,0.0
2025-09-03 14:00:00,139821.84,139910.69,139636.66,139708.41,0.0,0.0,0.0
2025-09-03 15:00:00,139722.05,139803.95,139613.59,139625.8,0.0,0.0,0.0
2025-09-03 16:00:00,139656.91,139781.98,139581.88,139781.98,0.0,0.0,0.0
2025-09-04 10:00:00,139832.12,140341.62,139832.12,140255.47,0.0,0.0,0.0
2025-09-04 11:00:00,140238.41,140374.12,139938.23,140374.12,0.0,0.0,0.0
2025-09-04 12:00:00,140369.7,140648.58,140197.5,140648.58,0.0,0.0,0.0
2025-09-04 13:00:00,140662.81,140889.5,140628.88,140864.2,0.0,0.0,0.0
2025-09-04 14:00:00,140833.83,141466.2,140774.2,141384.66,0.0,0.0,0.0
2025-09-04 15:00:00,141401.3,141481.83,141192.22,141225.0,0.0,0.0,0.0
2025-09-04 16:00:00,141237.17,141331.73,141093.39,141108.34,0.0,0.0,0.0
2025-09-05 10:00:00,141003.45,143402.28,141003.45,143311.91,0.0,0.0,0.0
2025-09-05 11:00:00,143329.47,143408.64,141915.42,142186.55,0.0,0.0,0.0
2025-09-05 12:00:00,142177.61,142752.12,141987.2,142296.45,0.0,0.0,0.0
2025-09-05 13:00:00,142287.91,142529.31,142148.91,142518.5,0.0,0.0,0.0
2025-09-05 14:00:00,142523.72,142523.72,142228.91,142385.56,0.0,0.0,0.0
2025-09-05 15:00:00,142385.81,142664.81,142338.36,142660.81,0.0,0.0,0.0
2025-09-05 16:00:00,142646.69,142709.23,142508.62,142691.02,0.0,0.0,0.0
2025-09-08 10:00:00,142640.14,143089.44,141819.78,141945.94,0.0,0.0,0.0
2025-09-08 11:00:00,141932.72,141946.2,141484.94,141529.98,0.0,0.0,0.0
2025-09-08 12:00:00,141524.62,141926.56,141509.12,141585.7,0.0,0.0,0.0
2025-09-08 13:00:00,141585.73,141620.38,141329.17,141505.05,0.0,0.0,0.0
2025-09-08 14:00:00,141512.91,141721.23,141506.66,141585.8,0.0,0.0,0.0
2025-09-08 15:00:00,141586.12,141859.75,141586.12,141823.83,0.0,0.0,0.0
2025-09-08 16:00:00,141816.91,141940.23,141801.3,141837.06,0.0,0.0,0.0
2025-09-09 10:00:00,141806.73,142227.34,141806.73,141948.16,0.0,0.0,0.0
2025-09-09 11:00:00,141917.25,142285.53,141896.52,142067.45,0.0,0.0,0.0
2025-09-09 12:00:00,142073.23,142091.59,141782.81,141842.12,0.0,0.0,0.0
2025-09-09 13:00:00,141852.45,141971.41,141727.92,141808.12,0.0,0.0,0.0
2025-09-09 14:00:00,141838.12,142006.14,141780.78,141807.3,0.0,0.0,0.0
2025-09-09 15:00:00,141816.45,142003.17,141781.62,141839.59,0.0,0.0,0.0
2025-09-09 16:00:00,141813.39,141852.77,141624.69,141717.58,0.0,0.0,0.0
2025-09-10 10:00:00,141611.77,142967.77,141611.77,142731.86,0.0,0.0,0.0
2025-09-10 11:00:00,142755.77,143181.59,142620.12,142720.62,0.0,0.0,0.0
2025-09-10 12:00:00,142725.75,142930.38,142623.06,142707.12,0.0,0.0,0.0
2025-09-10 13:00:00,142696.81,142814.94,142513.14,142622.34,0.0,0.0,0.0
2025-09-10 14:00:00,142612.34,142723.86,142159.88,142338.95,0.0,0.0,0.0
2025-09-10 15:00:00,142350.31,142421.31,142265.0,142401.41,0.0,0.0,0.0
2025-09-10 16:00:00,142381.34,142478.7,142317.72,142386.84,0.0,0.0,0.0
2025-09-11 10:00:00,142349.41,143234.09,142349.41,143211.41,0.0,0.0,0.0
2025-09-11 11:00:00,143212.06,144012.5,143212.06,143848.61,0.0,0.0,0.0
2025-09-11 12:00:00,143837.72,143852.62,143374.98,143547.2,0.0,0.0,0.0
2025-09-11 13:00:00,143559.88,143686.12,143462.7,143636.44,0.0,0.0,0.0
2025-09-11 14:00:00,143646.41,143911.39,143608.27,143771.73,0.0,0.0,0.0
2025-09-11 15:00:00,143776.41,143820.56,142991.02,143182.39,0.0,0.0,0.0
2025-09-11 16:00:00,143204.56,143293.45,143124.23,143261.61,0.0,0.0,0.0
2025-09-12 10:00:00,143150.84,143182.16,142290.62,143110.41,0.0,0.0,0.0
2025-09-12 11:00:00,143083.48,143202.09,142584.64,142625.8,0.0,0.0,0.0
2025-09-12 12:00:00,142640.66,142929.38,142600.86,142690.23,0.0,0.0,0.0
2025-09-12 13:00:00,142670.48,142771.56,142520.12,142589.23,0.0,0.0,0.0
2025-09-12 14:00:00,142597.02,142608.84,142240.7,142468.31,0.0,0.0,0.0
2025-09-12 15:00:00,142462.05,142522.83,142339.23,142361.34,0.0,0.0,0.0
2025-09-12 16:00:00,142350.78,142460.09,142307.62,142397.02,0.0,0.0,0.0
2025-09-15 10:00:00,142292.2,143194.66,142292.2,143194.66,0.0,0.0,0.0
2025-09-15 11:00:00,143202.0,143665.75,142830.7,143538.69,0.0,0.0,0.0
2025-09-15 12:00:00,143564.95,143764.31,143492.06,143740.16,0.0,0.0,0.0
2025-09-15 13:00:00,143750.73,143903.59,143666.84,143780.06,0.0,0.0,0.0
2025-09-15 14:00:00,143773.16,144193.58,143734.77,144107.53,0.0,0.0,0.0
2025-09-15 15:00:00,144100.59,144116.64,143810.23,143824.88,0.0,0.0,0.0
2025-09-15 16:00:00,143831.39,143880.8,143403.61,143478.14,0.0,0.0,0.0
2025-09-16 10:00:00,143546.58,144584.09,143546.58,144015.67,0.0,0.0,0.0
2025-09-16 11:00:00,143992.88,144147.92,143802.06,144011.56,0.0,0.0,0.0
2025-09-16 12:00:00,143991.31,144027.14,143717.52,143717.52,0.0,0.0,0.0
2025-09-16 13:00:00,143725.38,143908.72,143617.78,143664.02,0.0,0.0,0.0
2025-09-16 14:00:00,143659.88,143977.73,143577.94,143866.52,0.0,0.0,0.0
2025-09-16 15:00:00,143890.41,143936.41,143689.91,143746.73,0.0,0.0,0.0
2025-09-16 16:00:00,143732.8,144276.33,143704.34,144165.7,0.0,0.0,0.0
2025-09-17 10:00:00,144058.52,145393.06,143910.14,145393.06,0.0,0.0,0.0
2025-09-17 11:00:00,145400.52,145400.52,144909.19,145108.81,0.0,0.0,0.0
2025-09-17 12:00:00,145095.27,145266.89,145021.56,145196.38,0.0,0.0,0.0
2025-09-17 13:00:00,145223.69,145458.48,145157.77,145407.3,0.0,0.0,0.0
2025-09-17 14:00:00,145432.41,145872.95,145432.41,145679.98,0.0,0.0,0.0
2025-09-17 15:00:00,145774.38,146330.91,145169.12,145537.19,0.0,0.0,0.0
2025-09-17 16:00:00,145596.8,145838.47,145391.52,145404.61,0.0,0.0,0.0
2025-09-18 10:00:00,145593.62,145638.81,144993.2,145053.45,0.0,0.0,0.0
2025-09-18 11:00:00,145111.45,145504.33,145111.45,145199.67,0.0,0.0,0.0
2025-09-18 12:00:00,145245.0,145552.05,145039.36,145405.0,0.0,0.0,0.0
2025-09-18 13:00:00,145405.38,145650.39,145370.75,145628.12,0.0,0.0,0.0
2025-09-18 14:00:00,145630.31,145726.41,145386.06,145506.98,0.0,0.0,0.0
2025-09-18 15:00:00,145505.27,145617.88,145471.72,145617.88,0.0,0.0,0.0
2025-09-18 16:00:00,145598.27,145598.27,145275.94,145437.27,0.0,0.0,0.0
2025-09-19 10:00:00,145499.48,146398.77,145495.55,145747.03,0.0,0.0,0.0
2025-09-19 11:00:00,145736.48,145918.41,145606.44,145736.48,0.0,0.0,0.0
2025-09-19 12:00:00,145779.81,145785.28,145564.88,145690.05,0.0,0.0,0.0
2025-09-19 13:00:00,145739.95,145956.02,145665.59,145933.69,0.0,0.0,0.0
2025-09-19 14:00:00,145930.88,146152.69,145862.91,146123.75,0.0,0.0,0.0
2025-09-19 15:00:00,146114.58,146114.58,145951.3,146027.7,0.0,0.0,0.0
2025-09-19 16:00:00,146028.52,146119.45,145835.09,145838.44,0.0,0.0,0.0
2025-09-22 10:00:00,145863.86,145863.86,144457.58,144830.64,0.0,0.0,0.0
2025-09-22 11:00:00,144920.48,144920.48,144117.02,144297.2,0.0,0.0,0.0
2025-09-22 12:00:00,144283.09,144938.06,144283.09,144918.98,0.0,0.0,0.0
2025-09-22 13:00:00,144926.7,145218.45,144912.72,144970.61,0.0,0.0,0.0
2025-09-22 14:00:00,144985.72,145330.23,144981.84,145238.7,0.0,0.0,0.0
2025-09-22 15:00:00,145311.2,145377.72,145145.66,145145.66,0.0,0.0,0.0
2025-09-22 16:00:00,145142.44,145172.41,144966.38,145161.47,0.0,0.0,0.0
2025-09-23 10:00:00,145111.67,145984.41,145106.58,145984.41,0.0,0.0,0.0
2025-09-23 11:00:00,145972.66,146566.44,145867.72,146566.44,0.0,0.0,0.0
2025-09-23 12:00:00,146512.39,146886.44,146490.05,146824.23,0.0,0.0,0.0
2025-09-23 13:00:00,146828.94,147132.59,146697.23,147108.77,0.0,0.0,0.0
2025-09-23 14:00:00,147095.48,147178.47,146584.89,146769.17,0.0,0.0,0.0
2025-09-23 15:00:00,146762.48,146828.11,146572.02,146572.02,0.0,0.0,0.0
2025-09-23 16:00:00,146574.09,146672.33,146467.19,146509.44,0.0,0.0,0.0
2025-09-24 10:00:00,146426.2,146585.27,146268.77,146318.19,0.0,0.0,0.0
2025-09-24 11:00:00,146315.55,146492.48,146142.45,146142.45,0.0,0.0,0.0
2025-09-24 12:00:00,146131.5,146240.17,146067.12,146142.25,0.0,0.0,0.0
2025-09-24 13:00:00,146144.59,146263.14,146076.62,146244.66,0.0,0.0,0.0
2025-09-24 14:00:00,146246.23,146258.31,146085.33,146177.55,0.0,0.0,0.0
2025-09-24 15:00:00,146158.09,146520.72,146126.34,146488.16,0.0,0.0,0.0
2025-09-24 16:00:00,146504.31,146518.34,146356.69,146382.08,0.0,0.0,0.0
2025-09-25 10:00:00,146491.92,146519.12,145703.66,145853.55,0.0,0.0,0.0
2025-09-25 11:00:00,145938.81,146177.55,145606.36,146007.05,0.0,0.0,0.0
2025-09-25 12:00:00,145960.33,146408.06,145824.91,146344.48,0.0,0.0,0.0
2025-09-25 13:00:00,146366.36,146462.41,146159.14,146212.91,0.0,0.0,0.0
2025-09-25 14:00:00,146195.89,146310.98,145321.73,145432.47,0.0,0.0,0.0
2025-09-25 15:00:00,145358.36,145550.88,145221.52,145428.61,0.0,0.0,0.0
2025-09-25 16:00:00,145400.08,145402.19,145186.77,145347.23,0.0,0.0,0.0
2025-09-26 10:00:00,145326.12,146234.55,145227.25,145460.33,0.0,0.0,0.0
2025-09-26 11:00:00,145504.77,145753.98,145232.06,145385.91,0.0,0.0,0.0
2025-09-26 12:00:00,145365.38,145483.5,145170.78,145170.78,0.0,0.0,0.0
2025-09-26 13:00:00,145145.81,145360.81,145145.81,145241.94,0.0,0.0,0.0
2025-09-26 14:00:00,145265.7,145499.06,145190.77,145339.48,0.0,0.0,0.0
2025-09-26 15:00:00,145350.23,145497.83,145342.48,145456.47,0.0,0.0,0.0
2025-09-26 16:00:00,145469.67,145474.73,145323.06,145377.95,0.0,0.0,0.0
2025-09-29 10:00:00,145446.7,147558.22,145446.7,146804.53,0.0,0.0,0.0
2025-09-29 11:00:00,146814.94,146864.69,146461.5,146461.5,0.0,0.0,0.0
2025-09-29 12:00:00,146464.84,146718.67,146341.02,146477.06,0.0,0.0,0.0
2025-09-29 13:00:00,146470.45,146568.8,146271.2,146544.73,0.0,0.0,0.0
2025-09-29 14:00:00,146597.94,146597.94,146239.95,146284.47,0.0,0.0,0.0
2025-09-29 15:00:00,146265.58,146615.62,146258.48,146469.16,0.0,0.0,0.0
2025-09-29 16:00:00,146445.53,146472.45,146305.19,146387.05,0.0,0.0,0.0
2025-09-30 10:00:00,146337.38,147578.39,146337.38,146964.42,0.0,0.0,0.0
2025-09-30 11:00:00,146955.89,146955.89,146001.95,146082.08,0.0,0.0,0.0
2025-09-30 12:00:00,146092.12,146187.94,145839.17,145927.56,0.0,0.0,0.0
2025-09-30 13:00:00,145913.8,146098.88,145905.95,146076.27,0.0,0.0,0.0
2025-09-30 14:00:00,146034.34,146173.19,145978.67,145988.34,0.0,0.0,0.0
2025-09-30 15:00:00,146001.91,146144.72,145774.23,146092.7,0.0,0.0,0.0
2025-09-30 16:00:00,146081.28,146200.16,146038.2,146104.47,0.0,0.0,0.0
2025-10-01 10:00:00,146236.88,146879.33,146236.88,146383.25,0.0,0.0,0.0
2025-10-01 11:00:00,146362.23,146381.02,145631.0,145670.45,0.0,0.0,0.0
2025-10-01 12:00:00,145675.5,145828.98,145317.92,145466.75,0.0,0.0,0.0
2025-10-01 13:00:00,145487.44,145648.73,145239.39,145244.14,0.0,0.0,0.0
2025-10-01 14:00:00,145229.89,145394.23,145193.28,145302.98,0.0,0.0,0.0
2025-10-01 15:00:00,145318.02,145623.45,145222.27,145526.45,0.0,0.0,0.0
2025-10-01 16:00:00,145512.98,145672.3,145415.31,145415.81,0.0,0.0,0.0
2025-10-02 10:00:00,145517.34,145620.59,145191.77,145374.16,0.0,0.0,0.0
2025-10-02 11:00:00,145401.27,145401.27,143933.7,143971.12,0.0,0.0,0.0
2025-10-02 12:00:00,143973.84,144083.73,143635.05,143712.55,0.0,0.0,0.0
2025-10-02 13:00:00,143751.2,144092.41,143681.45,144083.02,0.0,0.0,0.0
2025-10-02 14:00:00,144078.81,144209.39,143846.23,144007.55,0.0,0.0,0.0
2025-10-02 15:00:00,144070.17,144218.44,143962.91,144135.88,0.0,0.0,0.0
2025-10-02 16:00:00,144089.2,144154.19,143996.05,144005.45,0.0,0.0,0.0
2025-10-03 10:00:00,143949.84,144246.72,143760.27,144010.48,0.0,0.0,0.0
2025-10-03 11:00:00,144012.66,144229.84,143675.62,143840.8,0.0,0.0,0.0
2025-10-03 12:00:00,143868.95,144172.16,143776.45,144142.31,0.0,0.0,0.0
2025-10-03 13:00:00,144128.45,144518.3,144101.78,144151.27,0.0,0.0,0.0
2025-10-03 14:00:00,144161.88,144356.23,144058.14,144112.2,0.0,0.0,0.0
2025-10-03 15:00:00,144100.98,144340.98,143961.61,144213.33,0.0,0.0,0.0
2025-10-03 16:00:00,144220.48,144373.95,144186.38,144217.59,0.0,0.0,0.0
2025-10-06 10:00:00,144202.17,144531.61,143888.23,143888.23,0.0,0.0,0.0
2025-10-06 11:00:00,143921.34,144085.95,143627.52,143934.02,0.0,0.0,0.0
2025-10-06 12:00:00,143929.12,143952.09,143454.44,143499.86,0.0,0.0,0.0
2025-10-06 13:00:00,143521.67,143934.02,143375.67,143922.48,0.0,0.0,0.0
2025-10-06 14:00:00,143940.38,144035.17,143716.77,143756.61,0.0,0.0,0.0
2025-10-06 15:00:00,143760.3,143792.69,143586.42,143664.3,0.0,0.0,0.0
2025-10-06 16:00:00,143675.59,143767.98,143525.78,143692.67,0.0,0.0,0.0
2025-10-07 10:00:00,143606.02,143606.02,141741.23,141847.09,0.0,0.0,0.0
2025-10-07 11:00:00,141845.44,141853.91,141349.11,141703.98,0.0,0.0,0.0
2025-10-07 12:00:00,141681.73,141854.39,141328.83,141420.8,0.0,0.0,0.0
2025-10-07 13:00:00,141425.39,141507.23,141035.06,141173.67,0.0,0.0,0.0
2025-10-07 14:00:00,141156.02,141303.09,141134.09,141197.45,0.0,0.0,0.0
2025-10-07 15:00:00,141159.19,141540.27,141127.97,141443.94,0.0,0.0,0.0
2025-10-07 16:00:00,141430.36,141484.25,141311.34,141376.17,0.0,0.0,0.0
2025-10-08 10:00:00,141356.44,142098.8,141356.44,141880.75,0.0,0.0,0.0
2025-10-08 11:00:00,141924.95,142385.02,141854.22,142308.11,0.0,0.0,0.0
2025-10-08 12:00:00,142308.47,142321.34,141757.27,141871.88,0.0,0.0,0.0
2025-10-08 13:00:00,141865.05,141954.75,141784.19,141928.75,0.0,0.0,0.0
2025-10-08 14:00:00,141941.64,141969.41,141833.81,141921.56,0.0,0.0,0.0
2025-10-08 15:00:00,141897.83,142096.12,141801.02,141954.45,0.0,0.0,0.0
2025-10-08 16:00:00,141948.88,142090.53,141925.73,142015.25,0.0,0.0,0.0
2025-10-09 10:00:00,142148.06,143212.02,142148.06,142258.39,0.0,0.0,0.0
2025-10-09 11:00:00,142281.05,142420.27,141923.7,142109.73,0.0,0.0,0.0
2025-10-09 12:00:00,142099.09,142528.53,142099.09,142337.02,0.0,0.0,0.0
2025-10-09 13:00:00,142343.7,142408.38,142011.73,142013.98,0.0,0.0,0.0
2025-10-09 14:00:00,142032.97,142032.97,141659.7,141735.38,0.0,0.0,0.0
2025-10-09 15:00:00,141736.5,141812.31,141603.17,141705.38,0.0,0.0,0.0
2025-10-09 16:00:00,141703.0,141821.62,141662.38,141800.2,0.0,0.0,0.0
2025-10-10 10:00:00,141725.27,142273.75,141242.91,141384.23,0.0,0.0,0.0
2025-10-10 11:00:00,141564.34,141978.5,141298.06,141395.12,0.0,0.0,0.0
2025-10-10 12:00:00,141397.34,141397.34,140696.73,140790.12,0.0,0.0,0.0
2025-10-10 13:00:00,140825.69,140861.95,140289.27,140326.19,0.0,0.0,0.0
2025-10-10 14:00:00,140337.41,140914.12,140231.23,140814.06,0.0,0.0,0.0
2025-10-10 15:00:00,140795.64,140926.75,140718.55,140834.03,0.0,0.0,0.0
2025-10-10 16:00:00,140813.95,140927.31,140666.48,140859.06,0.0,0.0,0.0
2025-10-13 10:00:00,140681.77,142060.3,140681.77,141963.41,0.0,0.0,0.0
2025-10-13 11:00:00,141977.84,142101.81,141629.69,141925.73,0.0,0.0,0.0
2025-10-13 12:00:00,141918.5,142146.83,141808.27,142018.84,0.0,0.0,0.0
2025-10-13 13:00:00,142004.91,142302.81,142004.91,142215.75,0.0,0.0,0.0
2025-10-13 14:00:00,142271.02,142271.02,141944.81,142016.8,0.0,0.0,0.0
2025-10-13 15:00:00,142005.44,142123.31,141829.34,141868.34,0.0,0.0,0.0
2025-10-13 16:00:00,141871.14,141942.34,141821.88,141916.45,0.0,0.0,0.0
2025-10-14 10:00:00,141788.34,141992.86,141334.31,141992.86,0.0,0.0,0.0
2025-10-14 11:00:00,141956.06,142588.97,141842.08,142099.27,0.0,0.0,0.0
2025-10-14 12:00:00,142074.75,142384.77,141960.16,142324.84,0.0,0.0,0.0
2025-10-14 13:00:00,142316.16,142446.77,141929.45,142302.2,0.0,0.0,0.0
2025-10-14 14:00:00,142268.3,142316.22,142110.95,142167.19,0.0,0.0,0.0
2025-10-14 15:00:00,142173.09,142173.09,141645.31,141821.17,0.0,0.0,0.0
2025-10-14 16:00:00,141789.94,141870.84,141345.02,141684.62,0.0,0.0,0.0
2025-10-15 10:00:00,141682.98,142478.91,141153.91,142458.72,0.0,0.0,0.0
2025-10-15 11:00:00,142453.05,142897.91,142382.61,142863.25,0.0,0.0,0.0
2025-10-15 12:00:00,142824.28,142824.28,142149.47,142287.41,0.0,0.0,0.0
2025-10-15 13:00:00,142286.98,142559.8,142202.56,142559.8,0.0,0.0,0.0
2025-10-15 14:00:00,142568.91,142688.75,141951.7,142638.41,0.0,0.0,0.0
2025-10-15 15:00:00,142611.61,142905.09,142569.42,142758.91,0.0,0.0,0.0
2025-10-15 16:00:00,142750.72,142826.02,142636.92,142677.89,0.0,0.0,0.0
2025-10-16 10:00:00,142603.5,142603.5,141445.77,142192.48,0.0,0.0,0.0
2025-10-16 11:00:00,142197.23,142908.23,141971.81,142828.52,0.0,0.0,0.0
2025-10-16 12:00:00,142765.8,143190.59,142494.77,142714.52,0.0,0.0,0.0
2025-10-16 13:00:00,142724.23,142793.59,142097.39,142782.56,0.0,0.0,0.0
2025-10-16 14:00:00,142837.45,142837.45,142223.59,142339.06,0.0,0.0,0.0
2025-10-16 15:00:00,142346.06,142420.89,142084.02,142350.7,0.0,0.0,0.0
2025-10-16 16:00:00,142335.27,142356.28,142115.45,142314.98,0.0,0.0,0.0
2025-10-17 10:00:00,142199.91,142933.62,141247.97,142893.94,0.0,0.0,0.0
2025-10-17 11:00:00,142864.98,143229.58,142622.86,142999.52,0.0,0.0,0.0
2025-10-17 12:00:00,143012.44,143387.45,142728.16,143320.09,0.0,0.0,0.0
2025-10-17 13:00:00,143321.19,143401.41,143021.53,143081.41,0.0,0.0,0.0
2025-10-17 14:00:00,143084.5,143159.05,142923.23,143089.41,0.0,0.0,0.0
2025-10-17 15:00:00,143098.03,143424.48,143096.58,143325.44,0.0,0.0,0.0
2025-10-17 16:00:00,143322.48,143363.7,143202.12,143202.12,0.0,0.0,0.0
2025-10-20 10:00:00,143398.62,144256.47,143396.41,144159.41,0.0,0.0,0.0
2025-10-20 11:00:00,144172.56,144674.16,144172.56,144591.48,0.0,0.0,0.0
2025-10-20 12:00:00,144577.28,145049.3,144552.19,145041.41,0.0,0.0,0.0
2025-10-20 13:00:00,145016.06,145216.08,144815.05,144895.06,0.0,0.0,0.0
2025-10-20 14:00:00,144894.55,145001.73,144798.3,144818.28,0.0,0.0,0.0
2025-10-20 15:00:00,144827.17,144833.73,144697.36,144782.86,0.0,0.0,0.0
2025-10-20 16:00:00,144767.95,144767.95,144541.88,144626.95,0.0,0.0,0.0
2025-10-21 10:00:00,144509.27,144509.7,143829.27,144253.88,0.0,0.0,0.0
2025-10-21 11:00:00,144261.34,144795.19,143984.77,144528.77,0.0,0.0,0.0
2025-10-21 12:00:00,144530.28,144642.31,144234.86,144374.12,0.0,0.0,0.0
2025-10-21 13:00:00,144424.47,144446.45,143904.45,143904.45,0.0,0.0,0.0
2025-10-21 14:00:00,143929.59,144363.92,143866.94,144265.53,0.0,0.0,0.0
2025-10-21 15:00:00,144271.19,144275.78,144060.53,144084.64,0.0,0.0,0.0
2025-10-21 16:00:00,144076.73,144116.09,143980.22,144116.09,0.0,0.0,0.0
2025-10-22 10:00:00,144093.69,144717.03,144038.77,144342.28,0.0,0.0,0.0
2025-10-22 11:00:00,144429.27,144777.3,144338.8,144624.28,0.0,0.0,0.0
2025-10-22 12:00:00,144626.08,145047.73,144536.67,144812.73,0.0,0.0,0.0
2025-10-22 13:00:00,144823.41,145003.89,144458.7,144691.73,0.0,0.0,0.0
2025-10-22 14:00:00,144692.52,144826.06,144478.91,144530.31,0.0,0.0,0.0
2025-10-22 15:00:00,144538.2,144711.88,144352.31,144711.88,0.0,0.0,0.0
2025-10-22 16:00:00,144710.98,144936.16,144642.41,144843.94,0.0,0.0,0.0
2025-10-23 10:00:00,144881.33,146357.8,144881.33,145694.44,0.0,0.0,0.0
2025-10-23 11:00:00,145686.77,145807.19,145496.41,145629.84,0.0,0.0,0.0
2025-10-23 12:00:00,145604.89,145696.81,145111.2,145520.34,0.0,0.0,0.0
2025-10-23 13:00:00,145525.19,145682.23,145478.67,145577.34,0.0,0.0,0.0
2025-10-23 14:00:00,145571.48,145745.38,145480.3,145719.89,0.0,0.0,0.0
2025-10-23 15:00:00,145750.78,145917.44,145712.2,145781.17,0.0,0.0,0.0
2025-10-23 16:00:00,145786.98,145801.98,145675.7,145735.56,0.0,0.0,0.0
2025-10-24 10:00:00,145720.98,147239.77,145720.98,146637.81,0.0,0.0,0.0
2025-10-24 11:00:00,146596.08,146596.08,146090.78,146150.02,0.0,0.0,0.0
2025-10-24 12:00:00,146115.06,146519.95,146115.06,146245.55,0.0,0.0,0.0
2025-10-24 13:00:00,146242.25,146396.61,146082.84,146118.23,0.0,0.0,0.0
2025-10-24 14:00:00,146162.11,146303.98,146125.67,146225.31,0.0,0.0,0.0
2025-10-24 15:00:00,146220.8,146244.66,146070.89,146144.44,0.0,0.0,0.0
2025-10-24 16:00:00,146136.45,146201.89,146032.52,146078.97,0.0,0.0,0.0
2025-10-27 10:00:00,146173.72,147976.98,146173.72,147156.66,0.0,0.0,0.0
2025-10-27 11:00:00,147150.7,147316.69,146825.2,147232.88,0.0,0.0,0.0
2025-10-27 12:00:00,147257.69,147290.56,147015.2,147031.55,0.0,0.0,0.0
2025-10-27 13:00:00,147035.3,147079.7,146929.38,146934.38,0.0,0.0,0.0
2025-10-27 14:00:00,146923.95,146991.66,146823.59,146866.67,0.0,0.0,0.0
2025-10-27 15:00:00,146879.27,146879.27,146726.55,146859.88,0.0,0.0,0.0
2025-10-27 16:00:00,146847.27,146998.44,146782.83,146991.09,0.0,0.0,0.0
2025-10-28 10:00:00,146969.97,147357.14,146574.67,147176.31,0.0,0.0,0.0
2025-10-28 11:00:00,147215.48,147539.44,147192.23,147352.86,0.0,0.0,0.0
2025-10-28 12:00:00,147371.81,147541.08,147338.7,147463.92,0.0,0.0,0.0
2025-10-28 13:00:00,147471.31,147767.55,147471.31,147762.12,0.0,0.0,0.0
2025-10-28 14:00:00,147746.55,147810.55,147569.95,147758.62,0.0,0.0,0.0
2025-10-28 15:00:00,147765.05,147779.55,147511.14,147559.45,0.0,0.0,0.0
2025-10-28 16:00:00,147540.88,147540.88,147241.58,147476.22,0.0,0.0,0.0
2025-10-29 10:00:00,147429.81,148614.38,147429.62,148423.55,0.0,0.0,0.0
2025-10-29 11:00:00,148436.95,148749.84,148356.88,148638.53,0.0,0.0,0.0
2025-10-29 12:00:00,148645.12,148840.25,148612.91,148725.48,0.0,0.0,0.0
2025-10-29 13:00:00,148679.7,149024.39,148679.7,149012.23,0.0,0.0,0.0
2025-10-29 14:00:00,149037.56,149067.16,148751.25,148973.12,0.0,0.0,0.0
2025-10-29 15:00:00,148958.06,148958.06,148339.8,148648.34,0.0,0.0,0.0
2025-10-29 16:00:00,148689.59,148757.09,148371.25,148520.33,0.0,0.0,0.0
2025-10-30 10:00:00,148631.69,148807.62,147546.45,148718.36,0.0,0.0,0.0
2025-10-30 11:00:00,148739.59,149144.38,148606.27,149144.38,0.0,0.0,0.0
2025-10-30 12:00:00,149127.3,149234.05,148971.81,149070.45,0.0,0.0,0.0
2025-10-30 13:00:00,149042.78,149199.94,148981.73,149103.02,0.0,0.0,0.0
2025-10-30 14:00:00,149099.53,149139.22,148989.36,149015.62,0.0,0.0,0.0
2025-10-30 15:00:00,149047.3,149057.47,148842.31,148874.11,0.0,0.0,0.0
2025-10-30 16:00:00,148869.8,148916.28,148758.98,148836.98,0.0,0.0,0.0
2025-10-31 10:00:00,148773.8,149447.02,148773.8,148958.16,0.0,0.0,0.0
2025-10-31 11:00:00,148965.69,149410.17,148923.8,149312.81,0.0,0.0,0.0
2025-10-31 12:00:00,149277.8,149287.69,149029.77,149128.64,0.0,0.0,0.0
2025-10-31 13:00:00,149115.17,149324.34,148969.77,149165.48,0.0,0.0,0.0
2025-10-31 14:00:00,149170.3,149394.94,149081.75,149318.44,0.0,0.0,0.0
2025-10-31 15:00:00,149315.73,149569.39,149255.62,149518.48,0.0,0.0,0.0
2025-10-31 16:00:00,149509.02,149635.91,149368.2,149469.02,0.0,0.0,0.0
2025-11-03 10:00:00,149550.84,150266.8,149550.84,150133.84,0.0,0.0,0.0
2025-11-03 11:00:00,150157.48,150545.8,149944.09,150484.91,0.0,0.0,0.0
2025-11-03 12:00:00,150469.69,150761.3,150128.67,150226.69,0.0,0.0,0.0
2025-11-03 13:00:00,150211.62,150436.11,150211.62,150300.36,0.0,0.0,0.0
2025-11-03 14:00:00,150290.73,150357.38,150124.56,150290.81,0.0,0.0,0.0
2025-11-03 15:00:00,150286.86,150287.48,150046.67,150076.92,0.0,0.0,0.0
2025-11-03 16:00:00,150079.7,150254.98,150079.7,150172.06,0.0,0.0,0.0
2025-11-04 10:00:00,150453.48,150453.48,149978.8,150291.11,0.0,0.0,0.0
2025-11-04 11:00:00,150289.8,150800.08,150132.91,150701.45,0.0,0.0,0.0
2025-11-04 12:00:00,150703.27,150887.55,150409.2,150520.09,0.0,0.0,0.0
2025-11-04 13:00:00,150524.61,150607.14,150398.09,150484.83,0.0,0.0,0.0
2025-11-04 14:00:00,150455.17,150466.2,150282.3,150316.62,0.0,0.0,0.0
2025-11-04 15:00:00,150338.95,150351.7,150141.86,150214.91,0.0,0.0,0.0
2025-11-04 16:00:00,150200.98,150411.94,150165.34,150336.55,0.0,0.0,0.0
2025-11-05 10:00:00,150709.2,151292.44,150296.28,151182.8,0.0,0.0,0.0
2025-11-05 11:00:00,151144.8,151970.98,150985.7,151870.03,0.0,0.0,0.0
2025-11-05 12:00:00,151906.62,152581.98,151802.62,152399.2,0.0,0.0,0.0
2025-11-05 13:00:00,152431.77,153125.44,152381.12,152942.7,0.0,0.0,0.0
2025-11-05 14:00:00,152918.73,153071.44,152857.06,152896.11,0.0,0.0,0.0
2025-11-05 15:00:00,152890.06,152890.06,152648.88,152767.81,0.0,0.0,0.0
2025-11-05 16:00:00,152779.02,153200.2,152741.05,153151.19,0.0,0.0,0.0
2025-11-06 10:00:00,153296.59,154352.25,153273.5,154296.56,0.0,0.0,0.0
2025-11-06 11:00:00,154267.94,154267.94,153661.69,153661.69,0.0,0.0,0.0
2025-11-06 12:00:00,153671.98,153850.14,153519.7,153569.16,0.0,0.0,0.0
2025-11-06 13:00:00,153574.14,153718.2,153422.78,153536.27,0.0,0.0,0.0
2025-11-06 14:00:00,153536.69,153759.39,153411.83,153433.08,0.0,0.0,0.0
2025-11-06 15:00:00,153416.45,153581.05,153234.95,153486.42,0.0,0.0,0.0
2025-11-06 16:00:00,153489.52,153573.66,153400.11,153444.7,0.0,0.0,0.0
2025-11-07 10:00:00,153338.62,153344.06,152799.94,152799.94,0.0,0.0,0.0
2025-11-07 11:00:00,152810.34,152832.23,152367.52,152651.09,0.0,0.0,0.0
2025-11-07 12:00:00,152617.2,153197.66,152491.3,152825.84,0.0,0.0,0.0
2025-11-07 13:00:00,152809.88,153053.62,152793.8,152860.97,0.0,0.0,0.0
2025-11-07 14:00:00,152853.73,153234.12,152758.41,153219.69,0.0,0.0,0.0
2025-11-07 15:00:00,153187.69,153559.59,153171.95,153545.28,0.0,0.0,0.0
2025-11-07 16:00:00,153522.88,153706.11,153434.7,153702.8,0.0,0.0,0.0
2025-11-10 10:00:00,154061.19,155601.16,154058.44,155601.16,0.0,0.0,0.0
2025-11-10 11:00:00,155557.09,155598.06,154735.98,154766.78,0.0,0.0,0.0
2025-11-10 12:00:00,154778.2,155127.02,154744.09,154998.12,0.0,0.0,0.0
2025-11-10 13:00:00,154986.05,155136.31,154819.06,154888.38,0.0,0.0,0.0
2025-11-10 14:00:00,154880.12,155251.03,154842.31,155208.56,0.0,0.0,0.0
2025-11-10 15:00:00,155202.38,155306.94,155127.23,155175.92,0.0,0.0,0.0
2025-11-10 16:00:00,155182.02,155259.56,155025.48,155025.48,0.0,0.0,0.0
2025-11-11 10:00:00,155257.31,157862.62,155251.97,157555.06,0.0,0.0,0.0
2025-11-11 11:00:00,157567.69,158390.73,157539.06,158378.08,0.0,0.0,0.0
2025-11-11 12:00:00,158353.44,158467.2,157457.94,157545.0,0.0,0.0,0.0
2025-11-11 13:00:00,157528.98,157674.91,157374.41,157642.53,0.0,0.0,0.0
2025-11-11 14:00:00,157602.48,157632.81,157383.19,157559.2,0.0,0.0,0.0
2025-11-11 15:00:00,157556.34,157746.56,157460.02,157479.44,0.0,0.0,0.0
2025-11-11 16:00:00,157447.19,157819.72,157447.19,157818.0,0.0,0.0,0.0
2025-11-12 10:00:00,157748.73,158133.83,157634.77,157670.03,0.0,0.0,0.0
2025-11-12 11:00:00,157610.2,157772.16,156879.06,156910.81,0.0,0.0,0.0
2025-11-12 12:00:00,156899.53,157102.88,156831.56,156877.14,0.0,0.0,0.0
2025-11-12 13:00:00,156880.95,156926.94,156696.09,156764.97,0.0,0.0,0.0
2025-11-12 14:00:00,156769.19,156858.52,156559.7,156847.11,0.0,0.0,0.0
2025-11-12 15:00:00,156847.94,157322.08,156847.94,157188.77,0.0,0.0,0.0
2025-11-12 16:00:00,157198.77,157316.36,157047.22,157221.91,0.0,0.0,0.0
2025-11-13 10:00:00,157632.98,158319.14,157404.2,157631.03,0.0,0.0,0.0
2025-11-13 11:00:00,157618.12,157938.39,157331.25,157583.7,0.0,0.0,0.0
2025-11-13 12:00:00,157595.98,158000.86,157552.67,157571.45,0.0,0.0,0.0
2025-11-13 13:00:00,157585.41,157739.64,157037.81,157143.5,0.0,0.0,0.0
2025-11-13 14:00:00,157181.72,157277.19,156919.92,156953.59,0.0,0.0,0.0
2025-11-13 15:00:00,156942.3,157150.91,156653.17,156653.17,0.0,0.0,0.0
2025-11-13 16:00:00,156656.88,157064.42,156509.44,157032.81,0.0,0.0,0.0
2025-11-14 10:00:00,157162.44,157162.44,156655.69,157000.81,0.0,0.0,0.0
2025-11-14 11:00:00,157019.78,158101.7,156769.52,158101.7,0.0,0.0,0.0
2025-11-14 12:00:00,158126.2,158332.33,157782.23,158074.61,0.0,0.0,0.0
2025-11-14 13:00:00,158078.31,158110.77,157870.27,158020.41,0.0,0.0,0.0
2025-11-14 14:00:00,157989.08,158366.25,157911.8,158136.56,0.0,0.0,0.0
2025-11-14 15:00:00,158137.33,158269.58,157902.3,158153.59,0.0,0.0,0.0
2025-11-14 16:00:00,158141.5,158211.0,157969.66,158044.09,0.0,0.0,0.0
2025-11-17 10:00:00,157741.73,157900.52,156972.7,157197.05,0.0,0.0,0.0
2025-11-17 11:00:00,157225.03,157690.2,157087.23,157690.2,0.0,0.0,0.0
2025-11-17 12:00:00,157693.44,157894.53,157566.73,157607.8,0.0,0.0,0.0
2025-11-17 13:00:00,157653.98,157827.41,157562.86,157751.38,0.0,0.0,0.0
2025-11-17 14:00:00,157730.0,157811.69,157544.55,157572.34,0.0,0.0,0.0
2025-11-17 15:00:00,157544.11,157552.16,157242.86,157252.47,0.0,0.0,0.0
2025-11-17 16:00:00,157238.31,157244.69,156755.59,156800.73,0.0,0.0,0.0
2025-11-18 10:00:00,156990.44,156990.44,155833.67,156597.55,0.0,0.0,0.0
2025-11-18 11:00:00,156585.7,156686.2,156179.59,156326.19,0.0,0.0,0.0
2025-11-18 12:00:00,156329.56,156683.06,156120.88,156416.52,0.0,0.0,0.0
2025-11-18 13:00:00,156398.72,156854.45,156342.2,156703.62,0.0,0.0,0.0
2025-11-18 14:00:00,156699.34,156864.44,156580.52,156781.94,0.0,0.0,0.0
2025-11-18 15:00:00,156780.91,156913.47,156723.73,156804.59,0.0,0.0,0.0
2025-11-18 16:00:00,156811.67,157039.89,156811.67,156877.19,0.0,0.0,0.0
2025-11-19 10:00:00,156521.7,156521.7,155812.44,155930.05,0.0,0.0,0.0
2025-11-19 11:00:00,155907.8,156245.34,155725.27,156237.97,0.0,0.0,0.0
2025-11-19 12:00:00,156234.23,156234.23,155650.8,155679.89,0.0,0.0,0.0
2025-11-19 13:00:00,155686.31,155722.5,155495.92,155499.16,0.0,0.0,0.0
2025-11-19 14:00:00,155492.36,155664.41,155419.2,155622.66,0.0,0.0,0.0
2025-11-19 15:00:00,155600.73,155751.75,155494.48,155552.59,0.0,0.0,0.0
2025-11-19 16:00:00,155583.62,155583.62,155212.38,155376.53,0.0,0.0,0.0
2025-11-21 10:00:00,155380.66,155387.05,154576.67,154720.16,0.0,0.0,0.0
2025-11-21 11:00:00,154822.73,154904.92,153900.09,154126.59,0.0,0.0,0.0
2025-11-21 12:00:00,154044.8,154380.8,153570.94,153969.2,0.0,0.0,0.0
2025-11-21 13:00:00,153945.27,154637.06,153715.11,154637.06,0.0,0.0,0.0
2025-11-21 14:00:00,154656.25,154805.78,154551.66,154688.11,0.0,0.0,0.0
2025-11-21 15:00:00,154684.27,154911.67,154382.81,154663.59,0.0,0.0,0.0
2025-11-21 16:00:00,154657.02,154853.12,154656.59,154728.73,0.0,0.0,0.0
2025-11-24 10:00:00,154769.38,155374.73,154529.17,154835.78,0.0,0.0,0.0
2025-11-24 11:00:00,154821.81,155832.28,154795.09,155304.12,0.0,0.0,0.0
2025-11-24 12:00:00,155295.69,155550.45,155248.19,155253.97,0.0,0.0,0.0
2025-11-24 13:00:00,155254.02,155452.88,155131.8,155158.83,0.0,0.0,0.0
2025-11-24 14:00:00,155174.14,155418.98,155143.83,155299.42,0.0,0.0,0.0
2025-11-24 15:00:00,155287.7,155342.41,155241.7,155303.66,0.0,0.0,0.0
2025-11-24 16:00:00,155298.7,155356.3,155122.91,155125.23,0.0,0.0,0.0
2025-11-25 10:00:00,155278.09,156373.2,155176.31,155328.53,0.0,0.0,0.0
2025-11-25 11:00:00,155342.67,155458.34,154821.34,155188.25,0.0,0.0,0.0
2025-11-25 12:00:00,155170.81,155822.48,155065.83,155290.22,0.0,0.0,0.0
2025-11-25 13:00:00,155278.31,155437.19,155148.45,155352.41,0.0,0.0,0.0
2025-11-25 14:00:00,155342.14,155587.36,155342.14,155558.81,0.0,0.0,0.0
2025-11-25 15:00:00,155567.94,155732.64,155554.12,155692.33,0.0,0.0,0.0
2025-11-25 16:00:00,155777.42,155920.23,155752.09,155861.62,0.0,0.0,0.0
2025-11-26 10:00:00,155915.16,157637.81,155914.3,157637.81,0.0,0.0,0.0
2025-11-26 11:00:00,157628.59,157851.94,157519.12,157537.12,0.0,0.0,0.0
2025-11-26 12:00:00,157562.98,157771.91,157264.47,157735.38,0.0,0.0,0.0
2025-11-26 13:00:00,157740.09,158110.23,157732.33,157960.17,0.0,0.0,0.0
2025-11-26 14:00:00,157975.02,158279.95,157975.02,158246.73,0.0,0.0,0.0
2025-11-26 15:00:00,158217.12,158459.94,158097.38,158456.84,0.0,0.0,0.0
2025-11-26 16:00:00,158421.94,158698.05,158401.25,158647.05,0.0,0.0,0.0
2025-11-27 10:00:00,158553.52,158863.95,158426.81,158426.81,0.0,0.0,0.0
2025-11-27 11:00:00,158428.3,158494.91,158217.69,158245.39,0.0,0.0,0.0
2025-11-27 12:00:00,158249.59,158383.95,158213.7,158347.36,0.0,0.0,0.0
2025-11-27 13:00:00,158339.59,158596.7,158315.97,158384.09,0.0,0.0,0.0
2025-11-27 14:00:00,158373.59,158493.56,158366.25,158437.41,0.0,0.0,0.0
2025-11-27 15:00:00,158449.62,158516.03,158167.08,158220.09,0.0,0.0,0.0
2025-11-27 16:00:00,158227.72,158415.12,158197.55,158404.95,0.0,0.0,0.0
2025-11-28 10:00:00,158357.61,159161.8,158077.66,158697.77,0.0,0.0,0.0
2025-11-28 11:00:00,158697.48,159186.05,158488.86,158832.45,0.0,0.0,0.0
2025-11-28 12:00:00,158878.55,158913.8,158561.91,158854.48,0.0,0.0,0.0
2025-11-28 13:00:00,158868.48,159142.95,158784.41,159142.95,0.0,0.0,0.0
2025-11-28 14:00:00,159156.48,159470.81,159156.48,159230.44,0.0,0.0,0.0
2025-11-28 15:00:00,159241.56,159689.03,159241.56,159662.52,0.0,0.0,0.0
2025-11-28 16:00:00,159665.61,159688.67,159259.09,159259.09,0.0,0.0,0.0
2025-12-01 10:00:00,159073.45,159223.92,158029.48,158469.38,0.0,0.0,0.0
2025-12-01 11:00:00,158473.59,159152.05,158142.8,159043.59,0.0,0.0,0.0
2025-12-01 12:00:00,159054.14,159157.19,158473.3,158627.3,0.0,0.0,0.0
2025-12-01 13:00:00,158632.02,158677.72,158364.12,158392.53,0.0,0.0,0.0
2025-12-01 14:00:00,158394.77,158667.14,158388.3,158514.2,0.0,0.0,0.0
2025-12-01 15:00:00,158533.44,158637.19,158457.95,158585.17,0.0,0.0,0.0
2025-12-01 16:00:00,158579.91,158579.91,158377.58,158421.62,0.0,0.0,0.0
2025-12-02 10:00:00,158611.73,160053.88,158611.5,160026.31,0.0,0.0,0.0
2025-12-02 11:00:00,159982.38,160472.5,159714.27,160009.44,0.0,0.0,0.0
2025-12-02 12:00:00,160008.81,160092.62,159746.19,159809.39,0.0,0.0,0.0
2025-12-02 13:00:00,159812.08,160075.62,159742.41,159866.5,0.0,0.0,0.0
2025-12-02 14:00:00,159891.7,160171.19,159859.27,160052.91,0.0,0.0,0.0
2025-12-02 15:00:00,160054.09,160599.62,160043.55,160530.44,0.0,0.0,0.0
2025-12-02 16:00:00,160564.3,160778.91,160506.69,160576.12,0.0,0.0,0.0
2025-12-03 10:00:00,161094.2,161963.48,161092.81,161488.3,0.0,0.0,0.0
2025-12-03 11:00:00,161537.25,161730.06,161286.91,161464.16,0.0,0.0,0.0
2025-12-03 12:00:00,161429.97,161666.52,161244.34,161335.69,0.0,0.0,0.0
2025-12-03 13:00:00,161409.28,161552.7,161216.06,161276.95,0.0,0.0,0.0
2025-12-03 14:00:00,161235.38,161427.84,161146.72,161310.3,0.0,0.0,0.0
2025-12-03 15:00:00,161333.44,161692.3,161254.86,161653.27,0.0,0.0,0.0
2025-12-03 16:00:00,161676.45,161746.38,161499.3,161584.56,0.0,0.0,0.0
2025-12-04 10:00:00,161759.78,163780.45,161759.12,163594.09,0.0,0.0,0.0
2025-12-04 11:00:00,163601.16,164057.62,163570.81,163696.98,0.0,0.0,0.0
2025-12-04 12:00:00,163710.44,164435.05,163648.83,164069.59,0.0,0.0,0.0
2025-12-04 13:00:00,164071.97,164187.41,163887.62,163887.62,0.0,0.0,0.0
2025-12-04 14:00:00,163866.58,163866.58,163550.38,163633.58,0.0,0.0,0.0
2025-12-04 15:00:00,163688.33,164051.05,163618.05,164027.36,0.0,0.0,0.0
2025-12-04 16:00:00,164035.59,164317.25,163822.88,164288.62,0.0,0.0,0.0
2025-12-05 10:00:00,164460.59,164723.8,164309.97,164366.12,0.0,0.0,0.0
2025-12-05 11:00:00,164427.3,164783.27,164081.34,164673.66,0.0,0.0,0.0
2025-12-05 12:00:00,164642.69,165035.97,162923.48,162988.39,0.0,0.0,0.0
2025-12-05 13:00:00,162967.89,163474.28,160672.86,161406.72,0.0,0.0,0.0
2025-12-05 14:00:00,161467.98,162087.05,159922.73,160245.45,0.0,0.0,0.0
2025-12-05 15:00:00,160214.28,160214.28,157853.66,157853.66,0.0,0.0,0.0
2025-12-05 16:00:00,157741.73,158412.8,157523.98,158281.91,0.0,0.0,0.0
2025-12-08 10:00:00,157369.36,159108.33,157369.36,158870.12,0.0,0.0,0.0
2025-12-08 11:00:00,158888.91,159100.08,157879.14,158012.38,0.0,0.0,0.0
2025-12-08 12:00:00,158010.88,158034.16,157492.73,157794.19,0.0,0.0,0.0
2025-12-08 13:00:00,157809.61,158466.83,157755.97,158304.33,0.0,0.0,0.0
2025-12-08 14:00:00,158303.7,159235.36,158206.3,158853.98,0.0,0.0,0.0
2025-12-08 15:00:00,158854.67,158985.23,158460.83,158674.03,0.0,0.0,0.0
2025-12-08 16:00:00,158693.42,158713.7,158486.61,158613.56,0.0,0.0,0.0
2025-12-09 10:00:00,158187.44,158187.44,155187.81,156157.98,0.0,0.0,0.0
2025-12-09 11:00:00,156138.55,157053.23,155942.2,156886.53,0.0,0.0,0.0
2025-12-09 12:00:00,156756.16,158105.7,156701.27,157677.08,0.0,0.0,0.0
2025-12-09 13:00:00,157659.27,158041.02,157282.08,157387.03,0.0,0.0,0.0
2025-12-09 14:00:00,157386.17,157817.73,157386.17,157715.05,0.0,0.0,0.0
2025-12-09 15:00:00,157689.06,158007.91,157595.16,157972.23,0.0,0.0,0.0
2025-12-09 16:00:00,157943.64,158709.75,157814.56,158615.55,0.0,0.0,0.0
2025-12-10 10:00:00,157983.78,158624.06,157628.3,158469.69,0.0,0.0,0.0
2025-12-10 11:00:00,158451.42,158567.12,158150.55,158267.7,0.0,0.0,0.0
2025-12-10 12:00:00,158273.41,158494.44,157923.34,158341.62,0.0,0.0,0.0
2025-12-10 13:00:00,158365.44,158511.31,158109.08,158470.7,0.0,0.0,0.0
2025-12-10 14:00:00,158449.98,158449.98,158163.31,158308.98,0.0,0.0,0.0
2025-12-10 15:00:00,158316.95,158507.75,158248.06,158397.92,0.0,0.0,0.0
2025-12-10 16:00:00,158403.38,158790.98,158088.73,158583.47,0.0,0.0,0.0
2025-12-11 10:00:00,159072.44,159074.33,158097.88,158513.98,0.0,0.0,0.0
2025-12-11 11:00:00,158462.3,159121.11,158412.05,159102.27,0.0,0.0,0.0
2025-12-11 12:00:00,159160.19,159828.75,159099.91,159514.14,0.0,0.0,0.0
2025-12-11 13:00:00,159462.3,159850.0,159462.3,159637.09,0.0,0.0,0.0
2025-12-11 14:00:00,159646.38,159836.84,159437.47,159437.56,0.0,0.0,0.0
2025-12-11 15:00:00,159464.31,159766.75,159464.31,159712.84,0.0,0.0,0.0
2025-12-11 16:00:00,159681.47,159806.7,159463.52,159679.19,0.0,0.0,0.0
2025-12-12 10:00:00,159189.09,161254.91,159189.09,161184.45,0.0,0.0,0.0
2025-12-12 11:00:00,161263.41,161263.41,160693.98,160788.75,0.0,0.0,0.0
2025-12-12 12:00:00,160798.25,160798.25,159392.42,159486.38,0.0,0.0,0.0
2025-12-12 13:00:00,159469.52,159825.42,159287.47,159825.42,0.0,0.0,0.0
2025-12-12 14:00:00,159896.23,160803.72,159874.38,160571.19,0.0,0.0,0.0
2025-12-12 15:00:00,160614.09,160634.16,160386.98,160386.98,0.0,0.0,0.0
2025-12-12 16:00:00,160431.33,160778.27,160285.59,160629.7,0.0,0.0,0.0
2025-12-15 10:00:00,160766.38,162070.36,160766.38,162009.25,0.0,0.0,0.0
2025-12-15 11:00:00,161998.64,162543.19,161998.64,162193.34,0.0,0.0,0.0
2025-12-15 12:00:00,162219.88,162480.41,161967.89,162475.06,0.0,0.0,0.0
2025-12-15 13:00:00,162441.5,163073.14,162441.5,162865.23,0.0,0.0,0.0
2025-12-15 14:00:00,162848.84,162875.11,162282.69,162381.2,0.0,0.0,0.0
2025-12-15 15:00:00,162382.77,162470.31,161993.95,162334.66,0.0,0.0,0.0
2025-12-15 16:00:00,162316.3,162438.3,162228.52,162382.12,0.0,0.0,0.0
2025-12-16 10:00:00,162481.73,162481.73,160153.5,160608.53,0.0,0.0,0.0
2025-12-16 11:00:00,160648.41,160699.08,160103.62,160125.48,0.0,0.0,0.0
2025-12-16 12:00:00,160162.97,160259.05,159313.84,159634.69,0.0,0.0,0.0
2025-12-16 13:00:00,159614.91,159893.31,159524.38,159887.62,0.0,0.0,0.0
2025-12-16 14:00:00,159864.06,160336.62,159792.22,159843.28,0.0,0.0,0.0
2025-12-16 15:00:00,159842.28,160124.27,159792.2,160003.31,0.0,0.0,0.0
2025-12-16 16:00:00,159982.09,159982.09,159389.06,159476.34,0.0,0.0,0.0
2025-12-17 10:00:00,158577.88,158610.62,156350.81,156476.98,0.0,0.0,0.0
2025-12-17 11:00:00,156528.77,157715.94,156514.41,157573.03,0.0,0.0,0.0
2025-12-17 12:00:00,157576.48,157576.48,156938.02,156947.05,0.0,0.0,0.0
2025-12-17 13:00:00,156926.77,157062.19,156446.73,156972.25,0.0,0.0,0.0
2025-12-17 14:00:00,156995.27,157341.91,156825.39,157069.16,0.0,0.0,0.0
2025-12-17 15:00:00,157061.39,157285.22,156955.45,157137.05,0.0,0.0,0.0
2025-12-17 16:00:00,157123.41,157235.95,156957.89,157051.0,0.0,0.0,0.0
2025-12-18 10:00:00,157326.55,157761.73,157262.25,157319.98,0.0,0.0,0.0
2025-12-18 11:00:00,157328.88,157713.69,157123.58,157532.72,0.0,0.0,0.0
2025-12-18 12:00:00,157579.86,158495.48,157576.81,158318.06,0.0,0.0,0.0
2025-12-18 13:00:00,158301.14,158489.94,158152.7,158359.81,0.0,0.0,0.0
2025-12-18 14:00:00,158318.52,158454.45,157518.72,158207.7,0.0,0.0,0.0
2025-12-18 15:00:00,158255.02,158471.39,158200.38,158253.94,0.0,0.0,0.0
2025-12-18 16:00:00,158263.3,158263.3,157630.19,157703.45,0.0,0.0,0.0
2025-12-19 10:00:00,157928.31,158846.52,157906.06,158835.02,0.0,0.0,0.0
2025-12-19 11:00:00,158918.16,159436.23,158541.3,159387.78,0.0,0.0,0.0
2025-12-19 12:00:00,159374.02,159551.94,158980.12,159128.42,0.0,0.0,0.0
2025-12-19 13:00:00,159062.8,159256.64,158990.7,159112.72,0.0,0.0,0.0
2025-12-19 14:00:00,159132.22,159182.03,158705.55,158820.22,0.0,0.0,0.0
2025-12-19 15:00:00,158760.11,158850.44,158607.91,158658.88,0.0,0.0,0.0
2025-12-19 16:00:00,158673.59,158760.86,158573.89,158687.86,0.0,0.0,0.0
2025-12-22 10:00:00,158480.44,158633.98,157797.12,158031.27,0.0,0.0,0.0
2025-12-22 11:00:00,158031.62,158302.56,157305.77,157593.95,0.0,0.0,0.0
2025-12-22 12:00:00,157626.58,158125.73,157568.2,157968.91,0.0,0.0,0.0
2025-12-22 13:00:00,157965.16,158414.52,157901.95,158349.56,0.0,0.0,0.0
2025-12-22 14:00:00,158289.08,158420.23,158073.2,158224.52,0.0,0.0,0.0
2025-12-22 15:00:00,158231.73,158320.34,157855.27,158191.8,0.0,0.0,0.0
2025-12-22 16:00:00,158208.91,158253.45,157986.89,158206.95,0.0,0.0,0.0
2025-12-23 10:00:00,158143.84,159635.95,158143.84,159474.91,0.0,0.0,0.0
2025-12-23 11:00:00,159493.23,159906.8,159157.3,159847.7,0.0,0.0,0.0
2025-12-23 12:00:00,159888.59,160440.16,159888.59,160216.8,0.0,0.0,0.0
2025-12-23 13:00:00,160196.61,160335.27,160121.98,160308.42,0.0,0.0,0.0
2025-12-23 14:00:00,160319.47,160415.44,160206.89,160403.16,0.0,0.0,0.0
2025-12-23 15:00:00,160397.48,160397.48,160043.31,160200.2,0.0,0.0,0.0
2025-12-23 16:00:00,160193.48,160392.92,160173.09,160189.91,0.0,0.0,0.0
2025-12-26 10:00:00,160456.19,160456.19,159358.94,159427.92,0.0,0.0,0.0
2025-12-26 11:00:00,159433.62,160142.3,159377.11,159790.08,0.0,0.0,0.0
2025-12-26 12:00:00,159802.59,160461.42,159783.55,160224.69,0.0,0.0,0.0
2025-12-26 13:00:00,160237.92,160322.34,159804.72,159929.7,0.0,0.0,0.0
2025-12-26 14:00:00,159939.12,160432.97,159939.12,160419.89,0.0,0.0,0.0
2025-12-26 15:00:00,160400.98,160536.27,160325.95,160450.31,0.0,0.0,0.0
2025-12-26 16:00:00,160444.91,160603.27,160420.62,160534.81,0.0,0.0,0.0
2025-12-29 10:00:00,160896.52,161133.33,160343.27,160497.41,0.0,0.0,0.0
2025-12-29 11:00:00,160512.44,160716.91,160211.38,160445.8,0.0,0.0,0.0
2025-12-29 12:00:00,160447.27,160501.31,160025.14,160188.66,0.0,0.0,0.0
2025-12-29 13:00:00,160218.05,160266.16,160028.3,160178.52,0.0,0.0,0.0
2025-12-29 14:00:00,160171.8,160386.73,160031.69,160183.66,0.0,0.0,0.0
2025-12-29 15:00:00,160173.27,160330.69,159753.48,159815.05,0.0,0.0,0.0
2025-12-29 16:00:00,159808.47,160211.19,159701.72,160113.56,0.0,0.0,0.0
2025-12-30 10:00:00,160491.3,162075.05,160491.3,161355.8,0.0,0.0,0.0
2025-12-30 11:00:00,161348.09,161719.52,161121.22,161171.8,0.0,0.0,0.0
2025-12-30 12:00:00,161132.89,161543.84,161079.84,161511.03,0.0,0.0,0.0
2025-12-30 13:00:00,161503.27,161806.7,161503.27,161682.16,0.0,0.0,0.0
2025-12-30 14:00:00,161662.55,161899.77,161550.95,161838.61,0.0,0.0,0.0
2025-12-30 15:00:00,161843.7,161883.17,161584.23,161645.05,0.0,0.0,0.0
2025-12-30 16:00:00,161646.11,161795.3,161566.41,161639.59,0.0,0.0,0.0
2026-01-02 10:00:00,161124.36,161956.56,160920.66,161027.52,0.0,0.0,0.0
2026-01-02 11:00:00,160955.58,161471.44,160750.27,161019.36,0.0,0.0,0.0
2026-01-02 12:00:00,160997.8,161139.34,160428.94,160582.81,0.0,0.0,0.0
2026-01-02 13:00:00,160619.0,160659.8,160257.5,160428.48,0.0,0.0,0.0
2026-01-02 14:00:00,160419.8,160476.7,160189.38,160210.91,0.0,0.0,0.0
2026-01-02 15:00:00,160219.45,160366.53,160059.14,160222.09,0.0,0.0,0.0
2026-01-02 16:00:00,160212.3,160570.55,160182.69,160535.81,0.0,0.0,0.0
2026-01-05 10:00:00,160542.05,160863.64,160214.7,160833.8,0.0,0.0,0.0
2026-01-05 11:00:00,160844.16,161100.91,160367.73,160487.12,0.0,0.0,0.0
2026-01-05 12:00:00,160466.17,161520.19,160393.02,161518.25,0.0,0.0,0.0
2026-01-05 13:00:00,161522.55,161742.44,161230.86,161733.84,0.0,0.0,0.0
2026-01-05 14:00:00,161701.17,162026.47,161605.86,161987.41,0.0,0.0,0.0
2026-01-05 15:00:00,162017.69,162114.62,161891.78,162105.94,0.0,0.0,0.0
2026-01-05 16:00:00,162059.86,162165.72,161931.08,161931.25,0.0,0.0,0.0
2026-01-06 10:00:00,161869.77,163973.3,161869.77,163705.91,0.0,0.0,0.0
2026-01-06 11:00:00,163632.11,164135.03,163300.8,163596.83,0.0,0.0,0.0
2026-01-06 12:00:00,163642.75,164005.72,163554.94,163752.45,0.0,0.0,0.0
2026-01-06 13:00:00,163830.31,163830.31,163482.91,163782.81,0.0,0.0,0.0
2026-01-06 14:00:00,163745.88,163899.05,163561.69,163764.91,0.0,0.0,0.0
2026-01-06 15:00:00,163745.17,163877.8,163614.12,163840.02,0.0,0.0,0.0
2026-01-06 16:00:00,163795.62,163859.2,163355.16,163415.45,0.0,0.0,0.0
2026-01-07 10:00:00,163660.52,163660.52,162661.8,162717.53,0.0,0.0,0.0
2026-01-07 11:00:00,162706.16,162721.27,161984.81,162155.2,0.0,0.0,0.0
2026-01-07 12:00:00,162153.94,162198.02,161745.83,162198.02,0.0,0.0,0.0
2026-01-07 13:00:00,162131.77,162277.06,162020.48,162171.42,0.0,0.0,0.0
2026-01-07 14:00:00,162152.89,162192.86,161955.91,162057.17,0.0,0.0,0.0
2026-01-07 15:00:00,162062.44,162260.66,161942.8,162188.34,0.0,0.0,0.0
2026-01-07 16:00:00,162192.92,162202.41,162041.58,162096.56,0.0,0.0,0.0
2026-01-08 10:00:00,161974.84,162634.41,161747.7,162093.52,0.0,0.0,0.0
2026-01-08 11:00:00,162171.61,162789.98,162006.45,162277.98,0.0,0.0,0.0
2026-01-08 12:00:00,162263.73,162727.23,162255.7,162511.5,0.0,0.0,0.0
2026-01-08 13:00:00,162546.28,162602.91,162315.55,162546.88,0.0,0.0,0.0
2026-01-08 14:00:00,162582.17,162678.59,162360.81,162406.75,0.0,0.0,0.0
2026-01-08 15:00:00,162456.95,162635.22,162277.31,162447.59,0.0,0.0,0.0
2026-01-08 16:00:00,162420.91,162726.02,162420.91,162552.48,0.0,0.0,0.0
2026-01-09 10:00:00,162938.16,163987.16,162637.86,163727.11,0.0,0.0,0.0
2026-01-09 11:00:00,163712.36,164045.05,163316.25,163992.45,0.0,0.0,0.0
2026-01-09 12:00:00,163972.39,164158.67,163634.58,163809.69,0.0,0.0,0.0
2026-01-09 13:00:00,163809.81,164159.73,163738.44,164154.0,0.0,0.0,0.0
2026-01-09 14:00:00,164161.09,164263.23,163957.61,164024.62,0.0,0.0,0.0
2026-01-09 15:00:00,164012.38,164012.38,163737.16,163895.83,0.0,0.0,0.0
2026-01-09 16:00:00,163903.84,163903.84,163516.69,163558.36,0.0,0.0,0.0
2026-01-12 10:00:00,163370.31,163370.31,162612.69,162661.48,0.0,0.0,0.0
2026-01-12 11:00:00,162710.19,163344.69,162277.02,163208.86,0.0,0.0,0.0
2026-01-12 12:00:00,163179.19,163487.64,163064.55,163435.8,0.0,0.0,0.0
2026-01-12 13:00:00,163428.73,163493.22,163151.86,163151.86,0.0,0.0,0.0
2026-01-12 14:00:00,163192.33,163385.31,163144.44,163348.69,0.0,0.0,0.0
2026-01-12 15:00:00,163333.56,163419.62,163220.23,163277.62,0.0,0.0,0.0
2026-01-12 16:00:00,163266.41,163344.19,163219.98,163332.31,0.0,0.0,0.0
2026-01-13 10:00:00,163146.27,163146.27,161910.8,162379.98,0.0,0.0,0.0
2026-01-13 11:00:00,162380.92,163004.66,162265.05,162392.38,0.0,0.0,0.0
2026-01-13 12:00:00,162329.34,162329.34,161787.31,161915.36,0.0,0.0,0.0
2026-01-13 13:00:00,161893.92,162135.7,161765.08,161987.2,0.0,0.0,0.0
2026-01-13 14:00:00,161974.8,162202.81,161932.78,162098.55,0.0,0.0,0.0
2026-01-13 15:00:00,162086.81,162212.44,161924.94,161991.75,0.0,0.0,0.0
2026-01-13 16:00:00,162024.47,162084.7,161861.56,162065.73,0.0,0.0,0.0
2026-01-14 10:00:00,161974.19,163531.7,161974.19,163122.2,0.0,0.0,0.0
2026-01-14 11:00:00,163125.94,163687.09,162015.3,163543.77,0.0,0.0,0.0
2026-01-14 12:00:00,163513.25,163925.73,163307.45,163535.8,0.0,0.0,0.0
2026-01-14 13:00:00,163543.56,163743.45,163447.16,163642.31,0.0,0.0,0.0
2026-01-14 14:00:00,163637.52,163906.84,163623.64,163859.09,0.0,0.0,0.0
2026-01-14 15:00:00,163840.91,164550.64,163810.92,164536.73,0.0,0.0,0.0
2026-01-14 16:00:00,164511.5,164865.09,164448.52,164779.77,0.0,0.0,0.0
2026-01-15 10:00:00,165179.75,165630.81,165058.77,165234.88,0.0,0.0,0.0
2026-01-15 11:00:00,165209.52,165240.38,164832.53,164999.16,0.0,0.0,0.0
2026-01-15 12:00:00,164993.55,165423.16,164993.55,165288.06,0.0,0.0,0.0
2026-01-15 13:00:00,165282.66,165595.58,165164.36,165545.27,0.0,0.0,0.0
2026-01-15 14:00:00,165550.36,165743.41,165530.44,165713.5,0.0,0.0,0.0
2026-01-15 15:00:00,165729.7,166069.84,165719.83,166005.41,0.0,0.0,0.0
2026-01-15 16:00:00,166032.77,166044.98,165511.77,165535.67,0.0,0.0,0.0
2026-01-16 10:00:00,165556.55,165871.66,164909.52,164944.31,0.0,0.0,0.0
2026-01-16 11:00:00,164939.27,165034.39,164325.75,164787.81,0.0,0.0,0.0
2026-01-16 12:00:00,164800.34,164915.89,164099.89,164261.41,0.0,0.0,0.0
2026-01-16 13:00:00,164243.23,164675.34,164188.34,164503.19,0.0,0.0,0.0
2026-01-16 14:00:00,164508.38,164592.8,164356.09,164501.98,0.0,0.0,0.0
2026-01-16 15:00:00,164494.83,164670.98,164468.94,164664.52,0.0,0.0,0.0
2026-01-16 16:00:00,164616.77,164692.73,164566.09,164632.77,0.0,0.0,0.0
2026-01-19 10:00:00,164800.06,165085.61,164264.75,164620.56,0.0,0.0,0.0
2026-01-19 11:00:00,164605.81,164831.66,164372.16,164824.61,0.0,0.0,0.0
2026-01-19 12:00:00,164818.81,164870.66,164522.05,164751.42,0.0,0.0,0.0
2026-01-19 13:00:00,164769.48,165154.77,164749.06,164893.88,0.0,0.0,0.0
2026-01-19 14:00:00,164912.44,164962.67,164556.73,164823.31,0.0,0.0,0.0
2026-01-19 15:00:00,164804.95,164833.8,164690.91,164769.33,0.0,0.0,0.0
2026-01-19 16:00:00,164789.84,164820.23,164590.09,164624.8,0.0,0.0,0.0
2026-01-20 10:00:00,164846.22,164846.22,163574.67,164313.83,0.0,0.0,0.0
2026-01-20 11:00:00,164278.86,165991.52,164169.31,165594.03,0.0,0.0,0.0
2026-01-20 12:00:00,165624.38,166174.44,165211.05,166124.73,0.0,0.0,0.0
2026-01-20 13:00:00,166140.73,166456.06,166140.73,166341.5,0.0,0.0,0.0
2026-01-20 14:00:00,166320.61,166467.56,165961.55,166116.84,0.0,0.0,0.0
2026-01-20 15:00:00,166108.94,166161.06,165680.34,165745.38,0.0,0.0,0.0
2026-01-20 16:00:00,165760.33,166055.38,165709.41,166025.39,0.0,0.0,0.0
2026-01-21 10:00:00,166277.91,168907.02,166277.91,168901.66,0.0,0.0,0.0
2026-01-21 11:00:00,168893.48,169875.08,168837.8,169645.14,0.0,0.0,0.0
2026-01-21 12:00:00,169609.55,169816.16,169340.42,169786.02,0.0,0.0,0.0
2026-01-21 13:00:00,169789.28,170149.66,169789.28,170051.23,0.0,0.0,0.0
2026-01-21 14:00:00,170028.72,170109.31,169722.17,169993.16,0.0,0.0,0.0
2026-01-21 15:00:00,170022.56,170855.73,169924.56,170790.56,0.0,0.0,0.0
2026-01-21 16:00:00,170821.94,171540.2,170603.97,171540.2,0.0,0.0,0.0
2026-01-22 10:00:00,171817.23,173225.36,171817.23,173020.22,0.0,0.0,0.0
2026-01-22 11:00:00,173005.47,175110.25,172997.09,174910.05,0.0,0.0,0.0
2026-01-22 12:00:00,174848.98,177741.56,174693.31,176997.17,0.0,0.0,0.0
2026-01-22 13:00:00,176875.89,177190.98,176359.81,176703.52,0.0,0.0,0.0
2026-01-22 14:00:00,176741.5,176909.31,175792.36,176310.05,0.0,0.0,0.0
2026-01-22 15:00:00,176275.88,176995.41,175897.22,175941.98,0.0,0.0,0.0
2026-01-22 16:00:00,176038.95,176175.06,175554.77,175658.25,0.0,0.0,0.0
2026-01-23 10:00:00,175590.12,176792.41,175589.66,176269.91,0.0,0.0,0.0
2026-01-23 11:00:00,176280.56,176521.42,175766.48,176166.39,0.0,0.0,0.0
2026-01-23 12:00:00,176195.23,177779.94,176195.23,177460.27,0.0,0.0,0.0
2026-01-23 13:00:00,177444.98,177653.8,177214.94,177321.02,0.0,0.0,0.0
2026-01-23 14:00:00,177288.84,177370.66,176853.28,176881.36,0.0,0.0,0.0
2026-01-23 15:00:00,176907.84,177685.61,176722.69,177622.67,0.0,0.0,0.0
2026-01-23 16:00:00,177582.72,178379.64,177528.91,178126.88,0.0,0.0,0.0
2026-01-26 10:00:00,178859.11,179434.44,177867.95,178092.41,0.0,0.0,0.0
2026-01-26 11:00:00,177976.56,179543.03,177694.22,178472.78,0.0,0.0,0.0
2026-01-26 12:00:00,178623.94,178961.88,178175.59,178636.56,0.0,0.0,0.0
2026-01-26 13:00:00,178610.41,178695.23,178012.62,178353.86,0.0,0.0,0.0
2026-01-26 14:00:00,178348.88,179236.55,178313.81,178466.27,0.0,0.0,0.0
2026-01-26 15:00:00,178433.75,178721.47,178183.67,178555.09,0.0,0.0,0.0
2026-01-26 16:00:00,178521.78,178521.78,177863.7,178236.44,0.0,0.0,0.0
2026-01-27 10:00:00,178852.45,181926.78,178852.45,181926.78,0.0,0.0,0.0
2026-01-27 11:00:00,181894.16,182816.64,181886.8,182529.41,0.0,0.0,0.0
2026-01-27 12:00:00,182562.27,183041.08,182418.03,182535.2,0.0,0.0,0.0
2026-01-27 13:00:00,182574.69,183359.56,182511.5,183224.42,0.0,0.0,0.0
2026-01-27 14:00:00,183205.84,183316.72,182163.62,182167.94,0.0,0.0,0.0
2026-01-27 15:00:00,182106.42,182403.14,181719.56,181991.95,0.0,0.0,0.0
2026-01-27 16:00:00,181975.23,182239.27,181867.92,182020.02,0.0,0.0,0.0
2026-01-28 10:00:00,181920.62,184575.39,181920.62,184159.98,0.0,0.0,0.0
2026-01-28 11:00:00,184211.86,185064.77,183769.09,184686.72,0.0,0.0,0.0
2026-01-28 12:00:00,184632.41,184809.45,183335.81,183762.98,0.0,0.0,0.0
2026-01-28 13:00:00,183663.94,184074.59,183663.94,183810.38,0.0,0.0,0.0
2026-01-28 14:00:00,183850.16,183959.48,183280.59,183505.02,0.0,0.0,0.0
2026-01-28 15:00:00,183521.3,183614.42,182859.27,182948.81,0.0,0.0,0.0
2026-01-28 16:00:00,183090.77,183883.59,182538.36,183445.73,0.0,0.0,0.0
2026-01-29 10:00:00,184691.7,186449.75,184691.7,186116.94,0.0,0.0,0.0
2026-01-29 11:00:00,186100.52,186337.09,184358.78,184387.44,0.0,0.0,0.0
2026-01-29 12:00:00,184243.69,184398.23,181566.56,181939.55,0.0,0.0,0.0
2026-01-29 13:00:00,181778.19,182851.22,181778.19,182490.75,0.0,0.0,0.0
2026-01-29 14:00:00,182412.81,183713.88,182412.81,182970.33,0.0,0.0,0.0
2026-01-29 15:00:00,182924.8,183330.27,182614.83,182990.48,0.0,0.0,0.0
2026-01-29 16:00:00,182958.89,183737.45,182897.05,183031.7,0.0,0.0,0.0
2026-01-30 10:00:00,183132.52,183443.81,182375.55,182735.8,0.0,0.0,0.0
2026-01-30 11:00:00,182732.03,183283.84,182581.53,182753.98,0.0,0.0,0.0
2026-01-30 12:00:00,182753.55,183206.44,182638.59,183206.44,0.0,0.0,0.0
2026-02-02 15:00:00,182097.66,182121.17,181927.73,181930.45,0.0,0.0,0.0
2026-02-02 16:00:00,181903.8,181997.62,181567.52,181974.44,0.0,0.0,0.0
2026-02-03 10:00:00,182815.55,186089.19,182815.55,186082.11,0.0,0.0,0.0
2026-02-03 11:00:00,186172.56,187333.83,186067.42,186905.09,0.0,0.0,0.0
2026-02-03 12:00:00,186811.06,186811.06,186180.52,186414.06,0.0,0.0,0.0
2026-02-03 13:00:00,186397.53,186461.16,185916.56,185916.56,0.0,0.0,0.0
2026-02-03 14:00:00,185950.05,185950.05,184956.98,185321.12,0.0,0.0,0.0
2026-02-03 15:00:00,185270.61,185358.08,184790.66,185052.45,0.0,0.0,0.0
2026-02-03 16:00:00,184920.08,185537.77,184698.12,185070.52,0.0,0.0,0.0
2026-02-04 10:00:00,185670.98,185670.98,184078.77,184078.77,0.0,0.0,0.0
2026-02-04 11:00:00,183927.8,183970.19,182688.72,182852.2,0.0,0.0,0.0
2026-02-04 12:00:00,182813.06,183551.56,182573.23,182629.64,0.0,0.0,0.0
2026-02-04 13:00:00,182557.52,182557.52,181409.98,181851.44,0.0,0.0,0.0
2026-02-04 14:00:00,181883.31,181883.31,180693.08,180953.48,0.0,0.0,0.0
2026-02-04 15:00:00,180984.55,181128.62,180368.98,180453.27,0.0,0.0,0.0
2026-02-04 16:00:00,180487.94,180998.61,180268.55,180968.98,0.0,0.0,0.0
2026-02-05 10:00:00,181708.47,182903.34,181708.23,182522.2,0.0,0.0,0.0
2026-02-05 11:00:00,182486.41,184017.44,182486.41,183103.3,0.0,0.0,0.0
2026-02-05 12:00:00,183126.48,183235.12,181568.98,182697.53,0.0,0.0,0.0
2026-02-05 13:00:00,182769.81,183071.84,182469.8,183015.95,0.0,0.0,0.0
2026-02-05 14:00:00,182999.86,183479.09,182465.83,183170.7,0.0,0.0,0.0
2026-02-05 15:00:00,183139.83,183373.16,182837.94,183045.14,0.0,0.0,0.0
2026-02-05 16:00:00,183088.78,183374.98,182540.12,182950.12,0.0,0.0,0.0
2026-02-06 10:00:00,182128.2,182418.69,181668.39,181808.73,0.0,0.0,0.0
2026-02-06 11:00:00,181827.16,182647.88,181575.16,181780.72,0.0,0.0,0.0
2026-02-06 12:00:00,181770.45,182255.95,181390.73,181961.45,0.0,0.0,0.0
2026-02-06 13:00:00,182046.09,182914.47,182046.09,182821.03,0.0,0.0,0.0
2026-02-06 14:00:00,182808.56,182884.52,182469.94,182747.27,0.0,0.0,0.0
2026-02-06 15:00:00,182580.69,182580.69,181821.7,182150.48,0.0,0.0,0.0
2026-02-06 16:00:00,182138.05,182403.59,182105.52,182206.62,0.0,0.0,0.0
2026-02-09 10:00:00,182950.2,183716.75,182950.2,183399.28,0.0,0.0,0.0
2026-02-09 11:00:00,183315.02,184491.95,183315.02,183998.17,0.0,0.0,0.0
2026-02-09 12:00:00,184037.98,184172.2,183545.12,183576.69,0.0,0.0,0.0
2026-02-09 13:00:00,183573.91,184748.89,183472.0,184674.69,0.0,0.0,0.0
2026-02-09 14:00:00,184654.88,185338.86,184653.75,185301.45,0.0,0.0,0.0
2026-02-09 15:00:00,185312.8,185843.84,185069.31,185760.64,0.0,0.0,0.0
2026-02-09 16:00:00,185787.27,186177.89,185699.72,186046.83,0.0,0.0,0.0
2026-02-10 10:00:00,186241.16,186746.3,185083.14,185392.16,0.0,0.0,0.0
2026-02-10 11:00:00,185391.23,186103.58,185293.3,186008.59,0.0,0.0,0.0
2026-02-10 12:00:00,186010.5,186959.3,185992.42,186621.56,0.0,0.0,0.0
2026-02-10 13:00:00,186586.55,186762.95,186102.94,186179.5,0.0,0.0,0.0
2026-02-10 14:00:00,186180.95,186248.8,185789.05,185822.56,0.0,0.0,0.0
2026-02-10 15:00:00,185834.19,185890.27,185233.05,185390.22,0.0,0.0,0.0
2026-02-10 16:00:00,185351.55,185810.16,185311.2,185796.7,0.0,0.0,0.0
2026-02-11 10:00:00,185936.27,188609.41,185936.27,188380.89,0.0,0.0,0.0
2026-02-11 11:00:00,188382.89,189470.89,188258.39,188840.69,0.0,0.0,0.0
2026-02-11 12:00:00,188815.77,189169.84,188203.91,189097.39,0.0,0.0,0.0
2026-02-11 13:00:00,189087.55,190561.19,189087.55,190369.86,0.0,0.0,0.0
2026-02-11 14:00:00,190409.45,190558.95,190098.55,190236.22,0.0,0.0,0.0
2026-02-11 15:00:00,190268.19,190268.19,189415.52,189496.39,0.0,0.0,0.0
2026-02-11 16:00:00,189483.69,190321.2,189460.27,189701.8,0.0,0.0,0.0
2026-02-12 10:00:00,189694.2,189694.2,188701.42,188798.7,0.0,0.0,0.0
2026-02-12 11:00:00,188779.2,189893.81,188779.2,189314.47,0.0,0.0,0.0
2026-02-12 12:00:00,189367.25,189989.97,189357.88,189399.3,0.0,0.0,0.0
2026-02-12 13:00:00,189353.62,189418.67,188233.73,188408.06,0.0,0.0,0.0
2026-02-12 14:00:00,188499.06,188753.61,188167.16,188238.3,0.0,0.0,0.0
2026-02-12 15:00:00,188268.45,188268.45,186959.06,187568.95,0.0,0.0,0.0
2026-02-12 16:00:00,187592.75,188153.22,187586.7,187902.41,0.0,0.0,0.0
2026-02-13 10:00:00,187765.81,187765.81,184531.67,185175.75,0.0,0.0,0.0
2026-02-13 11:00:00,185101.69,185297.86,183662.19,183976.02,0.0,0.0,0.0
2026-02-13 12:00:00,183942.47,185578.84,183899.88,184891.0,0.0,0.0,0.0
2026-02-13 13:00:00,184885.02,185795.0,184652.45,185591.2,0.0,0.0,0.0
2026-02-13 14:00:00,185542.84,186129.86,185420.98,186029.59,0.0,0.0,0.0
2026-02-13 15:00:00,186111.48,186473.91,185765.05,186267.73,0.0,0.0,0.0
2026-02-13 16:00:00,186268.58,186363.91,185590.77,185986.45,0.0,0.0,0.0
